trade_id,timestamp,side,price,size,venue
1,2025-07-14 09:30:00.027795,BUY,118319.11,0.085276,Coinbase
2,2025-07-14 09:30:00.076989,BUY,118318.87,0.082029,Gemini
3,2025-07-14 09:30:00.149252,BUY,118320.5,0.081899,Kraken
4,2025-07-14 09:30:00.214959,BUY,118321.46,0.082289,Coinbase
5,2025-07-14 09:30:00.245390,BUY,118321.19,0.078351,Gemini
6,2025-07-14 09:30:00.323115,BUY,118322.58,0.080928,Kraken
7,2025-07-14 09:30:00.402550,BUY,118324.93,0.085577,Coinbase
8,2025-07-14 09:30:00.425944,BUY,118323.69,0.08733,Gemini
9,2025-07-14 09:30:00.448571,BUY,118323.92,0.086659,Kraken
10,2025-07-14 09:30:00.503572,BUY,118323.84,0.082833,Coinbase
11,2025-07-14 09:30:00.539055,BUY,118324.79,0.079769,Gemini
12,2025-07-14 09:30:00.586975,BUY,118325.94,0.079117,Kraken
13,2025-07-14 09:30:00.618432,BUY,118324.66,0.082588,Coinbase
14,2025-07-14 09:30:00.683427,BUY,118326.41,0.087527,Gemini
15,2025-07-14 09:30:00.706961,BUY,118326.63,0.082796,Kraken
16,2025-07-14 09:30:00.742208,BUY,118327.41,0.090567,Coinbase
17,2025-07-14 09:30:00.766393,BUY,118327.76,0.085676,Gemini
18,2025-07-14 09:30:00.816437,BUY,118328.63,0.087551,Kraken
19,2025-07-14 09:30:00.842423,BUY,118329.02,0.089215,Coinbase
20,2025-07-14 09:30:00.857984,BUY,118328.45,0.082763,Gemini
21,2025-07-14 09:30:00.892646,BUY,118329.47,0.088659,Kraken
22,2025-07-14 09:30:00.956902,BUY,118329.94,0.082358,Coinbase
23,2025-07-14 09:30:01.032237,BUY,118330.93,0.077263,Gemini
24,2025-07-14 09:30:01.052347,BUY,118331.82,0.087182,Kraken
25,2025-07-14 09:30:01.071257,BUY,118331.03,0.085332,Coinbase
26,2025-07-14 09:30:01.106676,BUY,118330.86,0.08817,Gemini
27,2025-07-14 09:30:01.136817,BUY,118332.72,0.079888,Kraken
28,2025-07-14 09:30:01.216031,BUY,118332.33,0.086975,Coinbase
29,2025-07-14 09:30:01.290654,BUY,118334.74,0.087295,Gemini
30,2025-07-14 09:30:01.324953,BUY,118334.65,0.085315,Kraken
31,2025-07-14 09:30:01.406116,BUY,118335.17,0.083161,Coinbase
32,2025-07-14 09:30:01.436163,BUY,118334.32,0.082689,Gemini
33,2025-07-14 09:30:01.515005,BUY,118336.38,0.082832,Kraken
34,2025-07-14 09:30:01.582021,BUY,118335.14,0.081973,Coinbase
35,2025-07-14 09:30:01.599551,BUY,118335.19,0.082317,Gemini
36,2025-07-14 09:30:01.625096,BUY,118337.16,0.083336,Kraken
37,2025-07-14 09:30:01.698183,BUY,118338.79,0.084698,Coinbase
38,2025-07-14 09:30:01.764567,BUY,118337.75,0.08389,Gemini
39,2025-07-14 09:30:01.829300,BUY,118339.11,0.08802,Kraken
40,2025-07-14 09:30:01.908472,BUY,118338.77,0.093853,Coinbase
41,2025-07-14 09:30:01.921326,BUY,118339.58,0.082964,Gemini
42,2025-07-14 09:30:01.980043,BUY,118339.65,0.079325,Kraken
43,2025-07-14 09:30:02.018352,BUY,118340.77,0.079401,Coinbase
44,2025-07-14 09:30:02.043040,BUY,118340.0,0.089536,Gemini
45,2025-07-14 09:30:02.107123,BUY,118341.08,0.084868,Kraken
46,2025-07-14 09:30:02.141794,BUY,118341.21,0.087693,Coinbase
47,2025-07-14 09:30:02.205457,BUY,118342.16,0.081986,Gemini
48,2025-07-14 09:30:02.273707,BUY,118343.13,0.080194,Kraken
49,2025-07-14 09:30:02.297118,BUY,118342.19,0.085894,Coinbase
50,2025-07-14 09:30:02.380413,BUY,118344.52,0.084263,Gemini
51,2025-07-14 09:30:02.394215,BUY,118343.37,0.082712,Kraken
52,2025-07-14 09:30:02.453469,BUY,118345.98,0.085585,Coinbase
53,2025-07-14 09:30:02.482115,BUY,118345.8,0.086106,Gemini
54,2025-07-14 09:30:02.510486,BUY,118344.15,0.084739,Kraken
55,2025-07-14 09:30:02.543418,BUY,118346.13,0.087127,Coinbase
56,2025-07-14 09:30:02.598434,BUY,118347.17,0.079741,Gemini
57,2025-07-14 09:30:02.661841,BUY,118347.37,0.088868,Kraken
58,2025-07-14 09:30:02.686715,BUY,118348.04,0.091154,Coinbase
59,2025-07-14 09:30:02.701272,BUY,118347.05,0.079624,Gemini
60,2025-07-14 09:30:02.716141,BUY,118348.44,0.083937,Kraken
61,2025-07-14 09:30:02.766608,BUY,118348.2,0.079478,Coinbase
62,2025-07-14 09:30:02.782595,BUY,118350.35,0.081062,Gemini
63,2025-07-14 09:30:02.864866,BUY,118349.07,0.084583,Kraken
64,2025-07-14 09:30:02.917684,BUY,118349.19,0.086882,Coinbase
65,2025-07-14 09:30:02.977017,BUY,118351.42,0.083042,Gemini
66,2025-07-14 09:30:03.008755,BUY,118349.65,0.080611,Kraken
67,2025-07-14 09:30:03.060545,BUY,118350.55,0.083862,Coinbase
68,2025-07-14 09:30:03.113309,BUY,118354.39,0.083875,Gemini
69,2025-07-14 09:30:03.181800,BUY,118352.46,0.086856,Kraken
70,2025-07-14 09:30:03.257008,BUY,118353.02,0.085366,Coinbase
71,2025-07-14 09:30:03.269309,BUY,118353.24,0.087108,Gemini
72,2025-07-14 09:30:03.287411,BUY,118353.99,0.077004,Kraken
73,2025-07-14 09:30:03.326052,BUY,118355.13,0.08437,Coinbase
74,2025-07-14 09:30:03.404157,BUY,118355.55,0.079679,Gemini
75,2025-07-14 09:30:03.434227,BUY,118355.57,0.079428,Kraken
76,2025-07-14 09:30:03.491244,BUY,118356.7,0.088265,Coinbase
77,2025-07-14 09:30:03.557992,BUY,118355.95,0.077233,Gemini
78,2025-07-14 09:30:03.620985,BUY,118357.37,0.099411,Kraken
79,2025-07-14 09:30:03.703301,BUY,118357.0,0.083489,Coinbase
80,2025-07-14 09:30:03.771067,BUY,118357.97,0.082362,Gemini
81,2025-07-14 09:30:03.794033,BUY,118357.44,0.088806,Kraken
82,2025-07-14 09:30:03.858954,BUY,118357.45,0.085429,Coinbase
83,2025-07-14 09:30:03.926563,BUY,118359.03,0.086383,Gemini
84,2025-07-14 09:30:04.008876,BUY,118359.46,0.088356,Kraken
85,2025-07-14 09:30:04.088903,BUY,118361.09,0.081956,Coinbase
86,2025-07-14 09:30:04.103954,BUY,118360.76,0.086075,Gemini
87,2025-07-14 09:30:04.169975,BUY,118361.32,0.081394,Kraken
88,2025-07-14 09:30:04.251653,BUY,118361.15,0.085689,Coinbase
89,2025-07-14 09:30:04.280672,BUY,118361.19,0.076038,Gemini
90,2025-07-14 09:30:04.318617,BUY,118363.12,0.087463,Kraken
91,2025-07-14 09:30:04.397234,BUY,118363.11,0.087327,Coinbase
92,2025-07-14 09:30:04.455409,BUY,118365.09,0.08562,Gemini
93,2025-07-14 09:30:04.512952,BUY,118364.31,0.086312,Kraken
94,2025-07-14 09:30:04.538452,BUY,118364.94,0.090605,Coinbase
95,2025-07-14 09:30:04.610090,BUY,118365.19,0.081628,Gemini
96,2025-07-14 09:30:04.691132,BUY,118365.41,0.091488,Kraken
97,2025-07-14 09:30:04.738379,BUY,118365.64,0.088387,Coinbase
98,2025-07-14 09:30:04.806952,BUY,118364.96,0.078799,Gemini
99,2025-07-14 09:30:04.842001,BUY,118367.04,0.087024,Kraken
100,2025-07-14 09:30:04.895976,BUY,118366.73,0.085848,Coinbase
101,2025-07-14 09:30:04.959967,BUY,118368.28,0.087705,Gemini
102,2025-07-14 09:30:05.038354,BUY,118366.96,0.089122,Kraken
103,2025-07-14 09:30:05.085549,BUY,118369.14,0.082916,Coinbase
104,2025-07-14 09:30:05.135853,BUY,118368.52,0.086365,Gemini
105,2025-07-14 09:30:05.168617,BUY,118369.53,0.08483,Kraken
106,2025-07-14 09:30:05.205968,BUY,118371.64,0.080075,Coinbase
107,2025-07-14 09:30:05.283921,BUY,118370.86,0.077134,Gemini
108,2025-07-14 09:30:05.334434,BUY,118372.08,0.085229,Kraken
109,2025-07-14 09:30:05.379930,BUY,118371.34,0.087507,Coinbase
110,2025-07-14 09:30:05.436355,BUY,118373.66,0.076502,Gemini
111,2025-07-14 09:30:06.751333,BUY,118352.13,0.034594,Coinbase
112,2025-07-14 09:30:07.227915,SELL,118371.28,0.027574,Coinbase
113,2025-07-14 09:30:08.183425,BUY,118341.09,0.039487,Binance
114,2025-07-14 09:30:09.361745,BUY,118386.78,0.030252,Binance
115,2025-07-14 09:30:09.707979,BUY,118398.12,0.028438,Gemini
116,2025-07-14 09:30:10.413502,BUY,118368.26,0.029829,Coinbase
117,2025-07-14 09:30:10.439632,SELL,118409.69,0.080247,Binance
118,2025-07-14 09:30:10.476177,SELL,118411.21,0.081023,Binance
119,2025-07-14 09:30:10.563444,SELL,118409.96,0.08148,Gemini
120,2025-07-14 09:30:10.651036,SELL,118408.35,0.080019,Kraken
121,2025-07-14 09:30:10.685101,SELL,118408.36,0.073119,Binance
122,2025-07-14 09:30:10.754794,SELL,118408.94,0.076613,Binance
123,2025-07-14 09:30:10.827648,SELL,118407.65,0.083131,Gemini
124,2025-07-14 09:30:10.878557,SELL,118406.91,0.088304,Kraken
125,2025-07-14 09:30:10.920347,SELL,118407.41,0.0782,Binance
126,2025-07-14 09:30:10.950832,SELL,118405.95,0.078977,Binance
127,2025-07-14 09:30:10.975267,SELL,118407.23,0.081358,Gemini
128,2025-07-14 09:30:11.048066,SELL,118405.67,0.074864,Kraken
129,2025-07-14 09:30:11.115290,SELL,118403.97,0.082808,Binance
130,2025-07-14 09:30:11.196330,SELL,118403.24,0.074779,Binance
131,2025-07-14 09:30:11.244921,SELL,118401.81,0.084714,Gemini
132,2025-07-14 09:30:11.327562,SELL,118403.9,0.079063,Kraken
133,2025-07-14 09:30:11.364294,SELL,118404.04,0.073668,Binance
134,2025-07-14 09:30:11.451020,SELL,118404.17,0.083796,Binance
135,2025-07-14 09:30:11.518658,SELL,118403.73,0.075492,Gemini
136,2025-07-14 09:30:11.540772,SELL,118401.92,0.083882,Kraken
137,2025-07-14 09:30:11.621975,SELL,118400.71,0.076544,Binance
138,2025-07-14 09:30:11.698504,SELL,118399.96,0.076208,Binance
139,2025-07-14 09:30:11.746811,SELL,118399.04,0.080812,Gemini
140,2025-07-14 09:30:11.818854,SELL,118398.98,0.082398,Kraken
141,2025-07-14 09:30:11.861386,SELL,118398.73,0.088157,Binance
142,2025-07-14 09:30:11.934527,SELL,118399.43,0.077589,Binance
143,2025-07-14 09:30:11.977239,SELL,118399.39,0.078931,Gemini
144,2025-07-14 09:30:12.054531,SELL,118398.11,0.086181,Kraken
145,2025-07-14 09:30:12.076501,SELL,118398.49,0.080394,Binance
146,2025-07-14 09:30:12.109518,SELL,118398.13,0.088558,Binance
147,2025-07-14 09:30:12.134378,SELL,118397.4,0.079235,Gemini
148,2025-07-14 09:30:12.172902,SELL,118397.81,0.083064,Kraken
149,2025-07-14 09:30:12.241232,SELL,118396.28,0.071004,Binance
150,2025-07-14 09:30:12.294997,SELL,118395.38,0.074319,Binance
151,2025-07-14 09:30:12.367088,SELL,118396.36,0.073377,Gemini
152,2025-07-14 09:30:12.418275,SELL,118392.17,0.077659,Kraken
153,2025-07-14 09:30:12.483197,SELL,118395.94,0.079338,Binance
154,2025-07-14 09:30:12.572160,SELL,118395.38,0.07983,Binance
155,2025-07-14 09:30:12.629968,SELL,118393.53,0.091696,Gemini
156,2025-07-14 09:30:12.660222,SELL,118394.2,0.085843,Kraken
157,2025-07-14 09:30:12.712663,SELL,118393.38,0.079248,Binance
158,2025-07-14 09:30:12.783056,SELL,118393.52,0.089262,Binance
159,2025-07-14 09:30:12.859942,SELL,118392.68,0.087593,Gemini
160,2025-07-14 09:30:12.931742,SELL,118391.5,0.085672,Kraken
161,2025-07-14 09:30:13.017132,SELL,118393.24,0.080138,Binance
162,2025-07-14 09:30:13.071943,SELL,118392.19,0.07828,Binance
163,2025-07-14 09:30:13.106906,SELL,118389.31,0.08503,Gemini
164,2025-07-14 09:30:13.158492,SELL,118388.62,0.083573,Kraken
165,2025-07-14 09:30:13.179746,SELL,118388.85,0.081438,Binance
166,2025-07-14 09:30:13.235986,SELL,118389.36,0.083776,Binance
167,2025-07-14 09:30:13.320710,SELL,118389.07,0.080765,Gemini
168,2025-07-14 09:30:13.347024,SELL,118387.85,0.076205,Kraken
169,2025-07-14 09:30:13.401773,SELL,118388.06,0.073824,Binance
170,2025-07-14 09:30:13.435550,SELL,118386.64,0.073198,Binance
171,2025-07-14 09:30:13.473871,SELL,118387.78,0.085023,Gemini
172,2025-07-14 09:30:13.499349,SELL,118385.8,0.079208,Kraken
173,2025-07-14 09:30:13.567145,SELL,118386.64,0.075124,Binance
174,2025-07-14 09:30:13.582447,SELL,118385.81,0.06749,Binance
175,2025-07-14 09:30:13.626146,SELL,118385.08,0.068039,Gemini
176,2025-07-14 09:30:13.657894,SELL,118385.58,0.075077,Kraken
177,2025-07-14 09:30:13.728552,SELL,118383.92,0.079397,Binance
178,2025-07-14 09:30:13.778226,SELL,118383.65,0.074477,Binance
179,2025-07-14 09:30:13.803493,SELL,118383.38,0.073592,Gemini
180,2025-07-14 09:30:13.866408,SELL,118382.91,0.073034,Kraken
181,2025-07-14 09:30:13.887576,SELL,118384.07,0.082268,Binance
182,2025-07-14 09:30:13.929310,SELL,118384.11,0.081778,Binance
183,2025-07-14 09:30:13.957220,SELL,118381.88,0.08691,Gemini
184,2025-07-14 09:30:14.044494,SELL,118380.49,0.073321,Kraken
185,2025-07-14 09:30:14.114047,SELL,118380.17,0.081977,Binance
186,2025-07-14 09:30:14.146307,SELL,118381.47,0.078029,Binance
187,2025-07-14 09:30:14.188592,SELL,118380.04,0.072706,Gemini
188,2025-07-14 09:30:14.275895,SELL,118379.84,0.076933,Kraken
189,2025-07-14 09:30:14.304813,SELL,118379.92,0.083539,Binance
190,2025-07-14 09:30:14.348559,SELL,118379.55,0.080368,Binance
191,2025-07-14 09:30:14.376793,SELL,118379.43,0.083159,Gemini
192,2025-07-14 09:30:14.402747,SELL,118377.0,0.081717,Kraken
193,2025-07-14 09:30:14.424216,SELL,118378.66,0.074926,Binance
194,2025-07-14 09:30:14.506800,SELL,118376.29,0.082989,Binance
195,2025-07-14 09:30:14.523628,SELL,118377.93,0.079054,Gemini
196,2025-07-14 09:30:14.585990,SELL,118376.69,0.076963,Kraken
197,2025-07-14 09:30:14.666535,SELL,118378.2,0.08892,Binance
198,2025-07-14 09:30:14.721344,SELL,118376.89,0.076116,Binance
199,2025-07-14 09:30:14.744856,SELL,118375.5,0.073881,Gemini
200,2025-07-14 09:30:14.786470,SELL,118374.95,0.079798,Kraken
201,2025-07-14 09:30:14.813689,SELL,118374.87,0.079447,Binance
202,2025-07-14 09:30:14.902387,SELL,118374.38,0.078222,Binance
203,2025-07-14 09:30:14.961312,SELL,118374.36,0.082482,Gemini
204,2025-07-14 09:30:15.006835,SELL,118373.17,0.077405,Kraken
205,2025-07-14 09:30:15.041117,SELL,118373.3,0.089377,Binance
206,2025-07-14 09:30:15.076728,SELL,118373.36,0.070464,Binance
207,2025-07-14 09:30:16.186463,SELL,118302.02,0.017903,Kraken
208,2025-07-14 09:30:16.801947,SELL,118220.6,0.04813,Coinbase
209,2025-07-14 09:30:17.771323,BUY,118249.63,0.005,Gemini
210,2025-07-14 09:30:18.143586,BUY,118169.51,0.04719,Kraken
211,2025-07-14 09:30:18.768852,SELL,118138.65,0.036151,Kraken
212,2025-07-14 09:30:18.784640,BUY,118251.71,0.089806,Coinbase
213,2025-07-14 09:30:18.795562,BUY,118250.11,0.092423,Kraken
214,2025-07-14 09:30:18.806682,BUY,118252.17,0.094325,Gemini
215,2025-07-14 09:30:18.819018,BUY,118251.87,0.087134,Coinbase
216,2025-07-14 09:30:18.861283,BUY,118254.04,0.089767,Kraken
217,2025-07-14 09:30:18.917480,BUY,118254.29,0.087332,Gemini
218,2025-07-14 09:30:18.941862,BUY,118255.01,0.087158,Coinbase
219,2025-07-14 09:30:19.000400,BUY,118255.59,0.096052,Kraken
220,2025-07-14 09:30:19.043961,BUY,118254.03,0.082532,Gemini
221,2025-07-14 09:30:19.066259,BUY,118255.29,0.091959,Coinbase
222,2025-07-14 09:30:19.120424,BUY,118255.11,0.076052,Kraken
223,2025-07-14 09:30:19.140965,BUY,118257.36,0.091276,Gemini
224,2025-07-14 09:30:19.158748,BUY,118259.65,0.090775,Coinbase
225,2025-07-14 09:30:19.225690,BUY,118258.44,0.099388,Kraken
226,2025-07-14 09:30:19.275605,BUY,118260.18,0.093542,Gemini
227,2025-07-14 09:30:19.338633,BUY,118258.21,0.092829,Coinbase
228,2025-07-14 09:30:19.390196,BUY,118258.97,0.088899,Kraken
229,2025-07-14 09:30:19.420726,BUY,118260.38,0.090601,Gemini
230,2025-07-14 09:30:19.434523,BUY,118260.17,0.087028,Coinbase
231,2025-07-14 09:30:19.492046,BUY,118261.46,0.096565,Kraken
232,2025-07-14 09:30:19.556229,BUY,118260.42,0.098493,Gemini
233,2025-07-14 09:30:19.575753,BUY,118263.67,0.086503,Coinbase
234,2025-07-14 09:30:19.622733,BUY,118262.28,0.091477,Kraken
235,2025-07-14 09:30:19.682421,BUY,118262.24,0.073292,Gemini
236,2025-07-14 09:30:19.748063,BUY,118262.9,0.088436,Coinbase
237,2025-07-14 09:30:19.763034,BUY,118264.81,0.091878,Kraken
238,2025-07-14 09:30:19.818114,BUY,118262.9,0.089674,Gemini
239,2025-07-14 09:30:19.850473,BUY,118267.24,0.085811,Coinbase
240,2025-07-14 09:30:19.865230,BUY,118266.13,0.086069,Kraken
241,2025-07-14 09:30:19.902926,BUY,118267.13,0.083361,Gemini
242,2025-07-14 09:30:19.944121,BUY,118266.66,0.090893,Coinbase
243,2025-07-14 09:30:19.974927,BUY,118267.92,0.090896,Kraken
244,2025-07-14 09:30:20.011765,BUY,118270.55,0.088022,Gemini
245,2025-07-14 09:30:20.049730,BUY,118269.23,0.086719,Coinbase
246,2025-07-14 09:30:20.080638,BUY,118271.49,0.087633,Kraken
247,2025-07-14 09:30:20.114208,BUY,118272.39,0.074044,Gemini
248,2025-07-14 09:30:20.178443,BUY,118271.04,0.068591,Coinbase
249,2025-07-14 09:30:20.213965,BUY,118271.86,0.087771,Kraken
250,2025-07-14 09:30:20.236307,BUY,118272.65,0.093167,Gemini
251,2025-07-14 09:30:20.280556,BUY,118273.46,0.095709,Coinbase
252,2025-07-14 09:30:20.337746,BUY,118273.74,0.096146,Kraken
253,2025-07-14 09:30:20.393114,BUY,118273.9,0.08563,Gemini
254,2025-07-14 09:30:20.413796,BUY,118277.77,0.090894,Coinbase
255,2025-07-14 09:30:20.455276,BUY,118275.28,0.092936,Kraken
256,2025-07-14 09:30:20.489436,BUY,118278.12,0.092646,Gemini
257,2025-07-14 09:30:20.507406,BUY,118277.81,0.084358,Coinbase
258,2025-07-14 09:30:20.565323,BUY,118277.24,0.096956,Kraken
259,2025-07-14 09:30:20.616447,BUY,118277.92,0.083655,Gemini
260,2025-07-14 09:30:20.627269,BUY,118277.13,0.100588,Coinbase
261,2025-07-14 09:30:20.645974,BUY,118279.63,0.094488,Kraken
262,2025-07-14 09:30:20.675952,BUY,118279.3,0.081549,Gemini
263,2025-07-14 09:30:20.723286,BUY,118281.79,0.08598,Coinbase
264,2025-07-14 09:30:20.779246,BUY,118279.45,0.08673,Kraken
265,2025-07-14 09:30:20.844017,BUY,118281.97,0.084144,Gemini
266,2025-07-14 09:30:20.856123,BUY,118282.51,0.090902,Coinbase
267,2025-07-14 09:30:20.918043,BUY,118285.28,0.073296,Kraken
268,2025-07-14 09:30:20.940851,BUY,118285.76,0.094034,Gemini
269,2025-07-14 09:30:20.974603,BUY,118284.37,0.088896,Coinbase
270,2025-07-14 09:30:21.035806,BUY,118285.9,0.096909,Kraken
271,2025-07-14 09:30:21.101939,BUY,118283.77,0.093311,Gemini
272,2025-07-14 09:30:21.151891,BUY,118285.93,0.074531,Coinbase
273,2025-07-14 09:30:21.174766,BUY,118286.86,0.095896,Kraken
274,2025-07-14 09:30:21.215753,BUY,118287.1,0.103788,Gemini
275,2025-07-14 09:30:21.253282,BUY,118287.64,0.09484,Coinbase
276,2025-07-14 09:30:21.287309,BUY,118287.98,0.09873,Kraken
277,2025-07-14 09:30:21.317918,BUY,118289.52,0.085646,Gemini
278,2025-07-14 09:30:21.347168,BUY,118289.75,0.088665,Coinbase
279,2025-07-14 09:30:21.410444,BUY,118288.68,0.085209,Kraken
280,2025-07-14 09:30:21.444507,BUY,118291.03,0.092594,Gemini
281,2025-07-14 09:30:21.485970,BUY,118290.45,0.105794,Coinbase
282,2025-07-14 09:30:21.519120,BUY,118290.25,0.089257,Kraken
283,2025-07-14 09:30:21.538062,BUY,118293.21,0.080885,Gemini
284,2025-07-14 09:30:21.563912,BUY,118293.57,0.083707,Coinbase
285,2025-07-14 09:30:21.614297,BUY,118293.77,0.100625,Kraken
286,2025-07-14 09:30:21.633427,BUY,118293.46,0.103817,Gemini
287,2025-07-14 09:30:21.667781,BUY,118295.5,0.093196,Coinbase
288,2025-07-14 09:30:21.718912,BUY,118295.29,0.086047,Kraken
289,2025-07-14 09:30:21.777994,BUY,118296.13,0.093724,Gemini
290,2025-07-14 09:30:21.845128,BUY,118297.49,0.097717,Coinbase
291,2025-07-14 09:30:21.866472,BUY,118298.69,0.096373,Kraken
292,2025-07-14 09:30:21.934525,BUY,118299.35,0.096172,Gemini
293,2025-07-14 09:30:21.969589,BUY,118299.03,0.091246,Coinbase
294,2025-07-14 09:30:21.991771,BUY,118297.95,0.105636,Kraken
295,2025-07-14 09:30:22.018545,BUY,118300.25,0.08872,Gemini
296,2025-07-14 09:30:22.046450,BUY,118301.76,0.087843,Coinbase
297,2025-07-14 09:30:22.092512,BUY,118301.03,0.090179,Kraken
298,2025-07-14 09:30:22.139777,BUY,118303.79,0.09204,Gemini
299,2025-07-14 09:30:22.173854,BUY,118300.79,0.093006,Coinbase
300,2025-07-14 09:30:22.214761,BUY,118303.82,0.089699,Kraken
301,2025-07-14 09:30:22.254627,BUY,118304.66,0.084632,Gemini
302,2025-07-14 09:30:22.277278,BUY,118305.33,0.091907,Coinbase
303,2025-07-14 09:30:22.331825,BUY,118303.95,0.096261,Kraken
304,2025-07-14 09:30:22.369170,BUY,118302.55,0.094377,Gemini
305,2025-07-14 09:30:22.388493,BUY,118305.88,0.096393,Coinbase
306,2025-07-14 09:30:22.447036,BUY,118309.0,0.086098,Kraken
307,2025-07-14 09:30:22.475191,BUY,118305.32,0.079448,Gemini
308,2025-07-14 09:30:22.497867,BUY,118305.74,0.088202,Coinbase
309,2025-07-14 09:30:22.542668,BUY,118307.2,0.085393,Kraken
310,2025-07-14 09:30:22.593268,BUY,118309.26,0.088502,Gemini
311,2025-07-14 09:30:22.650322,BUY,118307.47,0.082756,Coinbase
312,2025-07-14 09:30:22.684217,BUY,118309.35,0.094811,Kraken
313,2025-07-14 09:30:22.726340,BUY,118311.58,0.088716,Gemini
314,2025-07-14 09:30:22.777310,BUY,118311.1,0.090326,Coinbase
315,2025-07-14 09:30:22.844289,BUY,118311.32,0.093584,Kraken
316,2025-07-14 09:30:22.890621,BUY,118311.98,0.089376,Gemini
317,2025-07-14 09:30:24.197174,BUY,118328.38,0.036098,Binance
318,2025-07-14 09:30:24.543436,BUY,118415.94,0.035635,Coinbase
319,2025-07-14 09:30:25.111752,BUY,118465.66,0.023151,Binance
320,2025-07-14 09:30:26.431256,SELL,118462.61,0.041345,Coinbase
321,2025-07-14 09:30:27.504975,BUY,118545.12,0.041254,Binance
322,2025-07-14 09:30:28.550512,BUY,118532.43,0.037006,Gemini
323,2025-07-14 09:30:29.321548,BUY,118530.02,0.027749,Coinbase
324,2025-07-14 09:30:29.928464,BUY,118523.82,0.02042,Kraken
325,2025-07-14 09:30:29.963218,SELL,118779.96,0.097767,Binance
326,2025-07-14 09:30:29.986121,SELL,118778.93,0.088343,Coinbase
327,2025-07-14 09:30:30.044769,SELL,118780.0,0.087215,Binance
328,2025-07-14 09:30:30.059360,SELL,118779.1,0.099101,Kraken
329,2025-07-14 09:30:30.079674,SELL,118777.58,0.090281,Binance
330,2025-07-14 09:30:30.157756,SELL,118776.99,0.081298,Coinbase
331,2025-07-14 09:30:30.222512,SELL,118778.17,0.094016,Binance
332,2025-07-14 09:30:30.237981,SELL,118776.71,0.086048,Kraken
333,2025-07-14 09:30:30.300689,SELL,118775.82,0.08788,Binance
334,2025-07-14 09:30:30.336579,SELL,118775.75,0.086085,Coinbase
335,2025-07-14 09:30:30.368366,SELL,118776.72,0.089059,Binance
336,2025-07-14 09:30:30.414428,SELL,118775.22,0.075645,Kraken
337,2025-07-14 09:30:30.459394,SELL,118773.76,0.088138,Binance
338,2025-07-14 09:30:30.519911,SELL,118773.45,0.085021,Coinbase
339,2025-07-14 09:30:30.546192,SELL,118774.33,0.078351,Binance
340,2025-07-14 09:30:30.585852,SELL,118772.01,0.088165,Kraken
341,2025-07-14 09:30:30.649044,SELL,118772.83,0.092861,Binance
342,2025-07-14 09:30:30.671121,SELL,118772.81,0.077861,Coinbase
343,2025-07-14 09:30:30.707942,SELL,118770.39,0.089263,Binance
344,2025-07-14 09:30:30.748025,SELL,118770.36,0.074789,Kraken
345,2025-07-14 09:30:30.788107,SELL,118769.39,0.098287,Binance
346,2025-07-14 09:30:30.827136,SELL,118770.25,0.086712,Coinbase
347,2025-07-14 09:30:30.846676,SELL,118769.1,0.093995,Binance
348,2025-07-14 09:30:30.877158,SELL,118769.73,0.094863,Kraken
349,2025-07-14 09:30:30.912200,SELL,118765.97,0.0836,Binance
350,2025-07-14 09:30:30.938057,SELL,118767.23,0.089112,Coinbase
351,2025-07-14 09:30:30.953037,SELL,118767.39,0.085272,Binance
352,2025-07-14 09:30:30.992422,SELL,118766.41,0.093704,Kraken
353,2025-07-14 09:30:31.026985,SELL,118766.3,0.08562,Binance
354,2025-07-14 09:30:31.048696,SELL,118766.13,0.089686,Coinbase
355,2025-07-14 09:30:31.092403,SELL,118765.57,0.085459,Binance
356,2025-07-14 09:30:31.159028,SELL,118765.87,0.089948,Kraken
357,2025-07-14 09:30:31.219865,SELL,118763.26,0.097806,Binance
358,2025-07-14 09:30:31.298320,SELL,118762.69,0.086914,Coinbase
359,2025-07-14 09:30:31.316429,SELL,118763.98,0.076693,Binance
360,2025-07-14 09:30:31.359188,SELL,118762.2,0.086848,Kraken
361,2025-07-14 09:30:31.398777,SELL,118761.5,0.072457,Binance
362,2025-07-14 09:30:31.473823,SELL,118762.49,0.094648,Coinbase
363,2025-07-14 09:30:31.528511,SELL,118761.41,0.089873,Binance
364,2025-07-14 09:30:31.571598,SELL,118761.53,0.092076,Kraken
365,2025-07-14 09:30:31.628006,SELL,118760.18,0.081529,Binance
366,2025-07-14 09:30:31.689793,SELL,118760.8,0.083036,Coinbase
367,2025-07-14 09:30:31.764474,SELL,118759.23,0.07475,Binance
368,2025-07-14 09:30:31.804898,SELL,118757.98,0.093451,Kraken
369,2025-07-14 09:30:31.870224,SELL,118758.21,0.080624,Binance
370,2025-07-14 09:30:31.934085,SELL,118758.51,0.090315,Coinbase
371,2025-07-14 09:30:32.012726,SELL,118758.54,0.092548,Binance
372,2025-07-14 09:30:32.027651,SELL,118758.37,0.095299,Kraken
373,2025-07-14 09:30:32.066666,SELL,118756.41,0.085968,Binance
374,2025-07-14 09:30:32.105955,SELL,118756.89,0.090356,Coinbase
375,2025-07-14 09:30:32.180505,SELL,118755.13,0.092701,Binance
376,2025-07-14 09:30:32.221466,SELL,118754.39,0.095991,Kraken
377,2025-07-14 09:30:32.290912,SELL,118755.91,0.088187,Binance
378,2025-07-14 09:30:32.319225,SELL,118752.37,0.083824,Coinbase
379,2025-07-14 09:30:32.334581,SELL,118752.97,0.099854,Binance
380,2025-07-14 09:30:32.367630,SELL,118753.06,0.075016,Kraken
381,2025-07-14 09:30:32.440945,SELL,118752.67,0.080863,Binance
382,2025-07-14 09:30:32.470254,SELL,118752.7,0.086336,Coinbase
383,2025-07-14 09:30:32.542575,SELL,118750.47,0.096444,Binance
384,2025-07-14 09:30:32.581538,SELL,118750.53,0.096481,Kraken
385,2025-07-14 09:30:32.599241,SELL,118749.55,0.08746,Binance
386,2025-07-14 09:30:32.643826,SELL,118750.69,0.086769,Coinbase
387,2025-07-14 09:30:32.682843,SELL,118749.66,0.093801,Binance
388,2025-07-14 09:30:32.725269,SELL,118749.38,0.088076,Kraken
389,2025-07-14 09:30:32.786633,SELL,118749.37,0.086239,Binance
390,2025-07-14 09:30:32.856689,SELL,118747.94,0.082886,Coinbase
391,2025-07-14 09:30:32.892968,SELL,118748.83,0.094654,Binance
392,2025-07-14 09:30:32.972029,SELL,118746.47,0.094036,Kraken
393,2025-07-14 09:30:33.020162,SELL,118745.78,0.081915,Binance
394,2025-07-14 09:30:33.068208,SELL,118746.76,0.076562,Coinbase
395,2025-07-14 09:30:33.933768,BUY,118783.41,0.026457,Coinbase
396,2025-07-14 09:30:34.358600,SELL,118726.76,0.048552,Kraken
397,2025-07-14 09:30:35.395638,BUY,118729.45,0.014604,Binance
398,2025-07-14 09:30:36.744030,BUY,118806.09,0.014881,Gemini
399,2025-07-14 09:30:38.030110,BUY,118793.89,0.025809,Coinbase
400,2025-07-14 09:30:38.608200,BUY,118811.52,0.005,Coinbase
401,2025-07-14 09:30:38.914355,SELL,118847.58,0.032865,Gemini
402,2025-07-14 09:30:39.637679,SELL,118845.08,0.029553,Kraken
403,2025-07-14 09:30:40.664467,SELL,118850.3,0.024268,Kraken
404,2025-07-14 09:30:41.161752,BUY,118843.65,0.035381,Coinbase
405,2025-07-14 09:30:41.204749,BUY,118509.38,0.089464,Coinbase
406,2025-07-14 09:30:41.248806,BUY,118510.5,0.08481,Gemini
407,2025-07-14 09:30:41.273204,BUY,118511.5,0.071415,Kraken
408,2025-07-14 09:30:41.285453,BUY,118511.5,0.074648,Coinbase
409,2025-07-14 09:30:41.333515,BUY,118510.94,0.085577,Binance
410,2025-07-14 09:30:41.346985,BUY,118511.72,0.081291,Coinbase
411,2025-07-14 09:30:41.397959,BUY,118511.96,0.090656,Gemini
412,2025-07-14 09:30:41.444339,BUY,118512.73,0.082893,Kraken
413,2025-07-14 09:30:41.481964,BUY,118513.87,0.08423,Coinbase
414,2025-07-14 09:30:41.522427,BUY,118513.32,0.084116,Binance
415,2025-07-14 09:30:41.568635,BUY,118514.77,0.087748,Coinbase
416,2025-07-14 09:30:41.609525,BUY,118514.99,0.090261,Gemini
417,2025-07-14 09:30:41.626650,BUY,118515.5,0.08199,Kraken
418,2025-07-14 09:30:41.662858,BUY,118515.02,0.080969,Coinbase
419,2025-07-14 09:30:41.711740,BUY,118515.43,0.086856,Binance
420,2025-07-14 09:30:41.749905,BUY,118515.92,0.086071,Coinbase
421,2025-07-14 09:30:41.795226,BUY,118516.91,0.085542,Gemini
422,2025-07-14 09:30:41.829652,BUY,118516.58,0.086793,Kraken
423,2025-07-14 09:30:41.879609,BUY,118517.08,0.083062,Coinbase
424,2025-07-14 09:30:41.892335,BUY,118518.54,0.089345,Binance
425,2025-07-14 09:30:41.936293,BUY,118517.38,0.08921,Coinbase
426,2025-07-14 09:30:41.983653,BUY,118519.14,0.091985,Gemini
427,2025-07-14 09:30:42.023663,BUY,118519.95,0.087039,Kraken
428,2025-07-14 09:30:42.058200,BUY,118517.63,0.080268,Coinbase
429,2025-07-14 09:30:42.095641,BUY,118518.46,0.083684,Binance
430,2025-07-14 09:30:42.151460,BUY,118520.97,0.085256,Coinbase
431,2025-07-14 09:30:42.215057,BUY,118521.0,0.086918,Gemini
432,2025-07-14 09:30:42.263395,BUY,118520.62,0.084568,Kraken
433,2025-07-14 09:30:42.281301,BUY,118520.35,0.081072,Coinbase
434,2025-07-14 09:30:42.339593,BUY,118521.07,0.081877,Binance
435,2025-07-14 09:30:42.354605,BUY,118522.32,0.092388,Coinbase
436,2025-07-14 09:30:42.390722,BUY,118523.08,0.08053,Gemini
437,2025-07-14 09:30:42.430732,BUY,118522.22,0.083654,Kraken
438,2025-07-14 09:30:42.482373,BUY,118523.42,0.082734,Coinbase
439,2025-07-14 09:30:42.526278,BUY,118523.51,0.082363,Binance
440,2025-07-14 09:30:42.583756,BUY,118524.23,0.084579,Coinbase
441,2025-07-14 09:30:42.596410,BUY,118525.06,0.080352,Gemini
442,2025-07-14 09:30:42.614046,BUY,118525.78,0.082699,Kraken
443,2025-07-14 09:30:42.665414,BUY,118525.53,0.073892,Coinbase
444,2025-07-14 09:30:42.685544,BUY,118527.38,0.084652,Binance
445,2025-07-14 09:30:42.746793,BUY,118526.35,0.077814,Coinbase
446,2025-07-14 09:30:42.766410,BUY,118526.92,0.081985,Gemini
447,2025-07-14 09:30:42.781705,BUY,118525.93,0.080228,Kraken
448,2025-07-14 09:30:42.824789,BUY,118527.95,0.079348,Coinbase
449,2025-07-14 09:30:42.870240,BUY,118528.87,0.079687,Binance
450,2025-07-14 09:30:42.879385,BUY,118527.6,0.084729,Coinbase
451,2025-07-14 09:30:42.930807,BUY,118527.57,0.084239,Gemini
452,2025-07-14 09:30:42.989441,BUY,118528.74,0.087373,Kraken
453,2025-07-14 09:30:43.013437,BUY,118530.06,0.089494,Coinbase
454,2025-07-14 09:30:43.046148,BUY,118528.67,0.086011,Binance
455,2025-07-14 09:30:43.105400,BUY,118529.94,0.093319,Coinbase
456,2025-07-14 09:30:43.147937,BUY,118530.87,0.076802,Gemini
457,2025-07-14 09:30:43.185419,BUY,118529.49,0.075103,Kraken
458,2025-07-14 09:30:43.226915,BUY,118531.47,0.087816,Coinbase
459,2025-07-14 09:30:43.269808,BUY,118530.46,0.085253,Binance
460,2025-07-14 09:30:43.333061,BUY,118532.57,0.07776,Coinbase
461,2025-07-14 09:30:43.349904,BUY,118531.99,0.078941,Gemini
462,2025-07-14 09:30:43.369010,BUY,118533.61,0.076794,Kraken
463,2025-07-14 09:30:43.428966,BUY,118532.67,0.083134,Coinbase
464,2025-07-14 09:30:43.448722,BUY,118533.74,0.080592,Binance
465,2025-07-14 09:30:43.492225,BUY,118534.32,0.091471,Coinbase
466,2025-07-14 09:30:43.536421,BUY,118533.45,0.082244,Gemini
467,2025-07-14 09:30:43.550670,BUY,118535.97,0.084676,Kraken
468,2025-07-14 09:30:43.606547,BUY,118535.81,0.075816,Coinbase
469,2025-07-14 09:30:43.645684,BUY,118534.91,0.085518,Binance
470,2025-07-14 09:30:43.654891,BUY,118534.91,0.075712,Coinbase
471,2025-07-14 09:30:43.666974,BUY,118537.32,0.078142,Gemini
472,2025-07-14 09:30:43.715865,BUY,118535.17,0.081003,Kraken
473,2025-07-14 09:30:43.732311,BUY,118536.44,0.081734,Coinbase
474,2025-07-14 09:30:43.767427,BUY,118538.21,0.086056,Binance
475,2025-07-14 09:30:43.795179,BUY,118538.05,0.087908,Coinbase
476,2025-07-14 09:30:43.824600,BUY,118538.97,0.080255,Gemini
477,2025-07-14 09:30:43.838495,BUY,118538.89,0.08239,Kraken
478,2025-07-14 09:30:43.857210,BUY,118538.45,0.079441,Coinbase
479,2025-07-14 09:30:43.885002,BUY,118538.31,0.085032,Binance
480,2025-07-14 09:30:43.932069,BUY,118540.14,0.082615,Coinbase
481,2025-07-14 09:30:43.978243,BUY,118540.71,0.080878,Gemini
482,2025-07-14 09:30:43.997625,BUY,118540.86,0.082604,Kraken
483,2025-07-14 09:30:44.041219,BUY,118541.46,0.091008,Coinbase
484,2025-07-14 09:30:44.057848,BUY,118542.0,0.085398,Binance
485,2025-07-14 09:30:44.096467,BUY,118541.62,0.086924,Coinbase
486,2025-07-14 09:30:44.129693,BUY,118542.78,0.079406,Gemini
487,2025-07-14 09:30:44.146066,BUY,118542.84,0.083682,Kraken
488,2025-07-14 09:30:44.160722,BUY,118542.69,0.093517,Coinbase
489,2025-07-14 09:30:44.199706,BUY,118543.58,0.086271,Binance
490,2025-07-14 09:30:44.234415,BUY,118544.2,0.082538,Coinbase
491,2025-07-14 09:30:44.266844,BUY,118544.14,0.079031,Gemini
492,2025-07-14 09:30:44.324363,BUY,118545.47,0.069446,Kraken
493,2025-07-14 09:30:44.365185,BUY,118545.24,0.085119,Coinbase
494,2025-07-14 09:30:44.382152,BUY,118545.77,0.079122,Binance
495,2025-07-14 09:30:44.399886,BUY,118543.98,0.084173,Coinbase
496,2025-07-14 09:30:44.463985,BUY,118546.43,0.082077,Gemini
497,2025-07-14 09:30:44.500271,BUY,118546.65,0.088963,Kraken
498,2025-07-14 09:30:44.563160,BUY,118548.35,0.082603,Coinbase
499,2025-07-14 09:30:44.598686,BUY,118547.21,0.081356,Binance
500,2025-07-14 09:30:44.613134,BUY,118547.5,0.086418,Coinbase
501,2025-07-14 09:30:44.628540,BUY,118548.13,0.083682,Gemini
502,2025-07-14 09:30:44.669543,BUY,118547.91,0.085504,Kraken
503,2025-07-14 09:30:44.721651,BUY,118548.13,0.08665,Coinbase
504,2025-07-14 09:30:44.772430,BUY,118550.27,0.084701,Binance
505,2025-07-14 09:30:44.796852,BUY,118549.7,0.088308,Coinbase
506,2025-07-14 09:30:44.839387,BUY,118550.05,0.078316,Gemini
507,2025-07-14 09:30:44.875102,BUY,118549.88,0.082701,Kraken
508,2025-07-14 09:30:44.923010,BUY,118550.8,0.072636,Coinbase
509,2025-07-14 09:30:44.983455,BUY,118551.87,0.088471,Binance
510,2025-07-14 09:30:45.016477,BUY,118552.08,0.078525,Coinbase
511,2025-07-14 09:30:45.056261,BUY,118553.05,0.081025,Gemini
512,2025-07-14 09:30:45.112857,BUY,118552.79,0.085317,Kraken
513,2025-07-14 09:30:45.165859,BUY,118553.77,0.077768,Coinbase
514,2025-07-14 09:30:45.197279,BUY,118552.76,0.08284,Binance
515,2025-07-14 09:30:45.243766,BUY,118553.88,0.089847,Coinbase
516,2025-07-14 09:30:45.266822,BUY,118555.11,0.084284,Gemini
517,2025-07-14 09:30:45.331138,BUY,118555.0,0.080077,Kraken
518,2025-07-14 09:30:45.365138,BUY,118554.78,0.090304,Coinbase
519,2025-07-14 09:30:45.380310,BUY,118555.83,0.082333,Binance
520,2025-07-14 09:30:45.417981,BUY,118555.94,0.086685,Coinbase
521,2025-07-14 09:30:45.468655,BUY,118554.7,0.082611,Gemini
522,2025-07-14 09:30:45.500908,BUY,118557.71,0.089246,Kraken
523,2025-07-14 09:30:45.517007,BUY,118557.91,0.082478,Coinbase
524,2025-07-14 09:30:45.573691,BUY,118557.66,0.089889,Binance
525,2025-07-14 09:30:46.077023,SELL,118544.88,0.032216,Gemini
526,2025-07-14 09:30:47.231795,SELL,118497.73,0.018341,Kraken
527,2025-07-14 09:30:47.712934,BUY,118460.04,0.008656,Coinbase
528,2025-07-14 09:30:48.622019,SELL,118432.68,0.040555,Binance
529,2025-07-14 09:30:49.323505,SELL,118465.88,0.030418,Gemini
530,2025-07-14 09:30:50.377392,SELL,118416.12,0.048016,Binance
531,2025-07-14 09:30:51.403826,BUY,118385.97,0.019434,Coinbase
532,2025-07-14 09:30:51.807083,BUY,118363.45,0.041134,Gemini
533,2025-07-14 09:30:52.890668,SELL,118392.55,0.029668,Gemini
534,2025-07-14 09:30:54.228747,SELL,118362.67,0.034311,Kraken
535,2025-07-14 09:30:54.535553,BUY,118326.1,0.006404,Gemini
536,2025-07-14 09:30:55.445273,SELL,118318.36,0.026678,Binance
537,2025-07-14 09:30:55.474817,SELL,118638.79,0.086565,Binance
538,2025-07-14 09:30:55.544728,SELL,118640.21,0.080199,Gemini
539,2025-07-14 09:30:55.593371,SELL,118638.93,0.083413,Binance
540,2025-07-14 09:30:55.632415,SELL,118638.96,0.089996,Kraken
541,2025-07-14 09:30:55.672749,SELL,118637.23,0.084515,Coinbase
542,2025-07-14 09:30:55.741690,SELL,118636.95,0.086547,Binance
543,2025-07-14 09:30:55.776077,SELL,118637.6,0.078743,Gemini
544,2025-07-14 09:30:55.811935,SELL,118636.77,0.084682,Binance
545,2025-07-14 09:30:55.869421,SELL,118636.76,0.085618,Kraken
546,2025-07-14 09:30:55.884175,SELL,118636.58,0.086261,Coinbase
547,2025-07-14 09:30:55.903881,SELL,118635.91,0.073196,Binance
548,2025-07-14 09:30:55.966493,SELL,118635.09,0.077718,Gemini
549,2025-07-14 09:30:55.986989,SELL,118633.92,0.08439,Binance
550,2025-07-14 09:30:56.039310,SELL,118635.21,0.083235,Kraken
551,2025-07-14 09:30:56.105457,SELL,118633.37,0.077747,Coinbase
552,2025-07-14 09:30:56.146002,SELL,118631.94,0.08739,Binance
553,2025-07-14 09:30:56.191198,SELL,118633.29,0.089233,Gemini
554,2025-07-14 09:30:56.227696,SELL,118631.29,0.089434,Binance
555,2025-07-14 09:30:56.301552,SELL,118631.6,0.082073,Kraken
556,2025-07-14 09:30:56.331585,SELL,118631.54,0.083597,Coinbase
557,2025-07-14 09:30:56.406022,SELL,118629.5,0.076468,Binance
558,2025-07-14 09:30:56.451568,SELL,118630.24,0.08811,Gemini
559,2025-07-14 09:30:56.486330,SELL,118631.43,0.080002,Binance
560,2025-07-14 09:30:56.544969,SELL,118629.01,0.080211,Kraken
561,2025-07-14 09:30:56.563878,SELL,118630.47,0.078245,Coinbase
562,2025-07-14 09:30:56.634674,SELL,118628.13,0.076096,Binance
563,2025-07-14 09:30:56.705338,SELL,118627.54,0.094791,Gemini
564,2025-07-14 09:30:56.745535,SELL,118627.1,0.083517,Binance
565,2025-07-14 09:30:56.779760,SELL,118628.8,0.091433,Kraken
566,2025-07-14 09:30:56.801765,SELL,118628.92,0.080306,Coinbase
567,2025-07-14 09:30:56.826991,SELL,118626.9,0.079244,Binance
568,2025-07-14 09:30:56.882839,SELL,118624.85,0.083929,Gemini
569,2025-07-14 09:30:56.943654,SELL,118626.28,0.078754,Binance
570,2025-07-14 09:30:56.992515,SELL,118625.32,0.079531,Kraken
571,2025-07-14 09:30:57.013773,SELL,118623.33,0.081032,Coinbase
572,2025-07-14 09:30:57.053627,SELL,118623.11,0.085912,Binance
573,2025-07-14 09:30:57.098225,SELL,118623.87,0.075173,Gemini
574,2025-07-14 09:30:57.136611,SELL,118623.68,0.086411,Binance
575,2025-07-14 09:30:57.169232,SELL,118621.6,0.09127,Kraken
576,2025-07-14 09:30:57.214283,SELL,118620.87,0.081921,Coinbase
577,2025-07-14 09:30:57.283025,SELL,118622.63,0.080479,Binance
578,2025-07-14 09:30:57.351443,SELL,118621.41,0.075117,Gemini
579,2025-07-14 09:30:57.370772,SELL,118620.81,0.073158,Binance
580,2025-07-14 09:30:57.400056,SELL,118619.85,0.084644,Kraken
581,2025-07-14 09:30:57.440308,SELL,118619.43,0.084009,Coinbase
582,2025-07-14 09:30:57.453404,SELL,118619.92,0.081486,Binance
583,2025-07-14 09:30:57.507767,SELL,118618.82,0.090861,Gemini
584,2025-07-14 09:30:57.548079,SELL,118618.13,0.077003,Binance
585,2025-07-14 09:30:57.560698,SELL,118618.24,0.082608,Kraken
586,2025-07-14 09:30:57.586959,SELL,118618.26,0.078537,Coinbase
587,2025-07-14 09:30:57.648016,SELL,118617.82,0.077984,Binance
588,2025-07-14 09:30:57.668849,SELL,118616.11,0.08557,Gemini
589,2025-07-14 09:30:57.721649,SELL,118615.61,0.08193,Binance
590,2025-07-14 09:30:57.735292,SELL,118616.57,0.092167,Kraken
591,2025-07-14 09:30:57.762184,SELL,118612.98,0.08642,Coinbase
592,2025-07-14 09:30:57.805446,SELL,118614.56,0.080815,Binance
593,2025-07-14 09:30:57.866269,SELL,118614.46,0.082437,Gemini
594,2025-07-14 09:30:57.889187,SELL,118613.55,0.086634,Binance
595,2025-07-14 09:30:57.912116,SELL,118611.91,0.079355,Kraken
596,2025-07-14 09:30:57.928548,SELL,118613.23,0.081977,Coinbase
597,2025-07-14 09:30:57.967776,SELL,118611.4,0.084835,Binance
598,2025-07-14 09:30:58.010479,SELL,118610.8,0.076633,Gemini
599,2025-07-14 09:30:58.083771,SELL,118610.03,0.087824,Binance
600,2025-07-14 09:30:58.119771,SELL,118610.28,0.081179,Kraken
601,2025-07-14 09:30:58.164136,SELL,118611.48,0.095316,Coinbase
602,2025-07-14 09:30:58.207452,SELL,118609.66,0.075017,Binance
603,2025-07-14 09:30:58.236926,SELL,118609.8,0.080165,Gemini
604,2025-07-14 09:30:58.268934,SELL,118607.98,0.084758,Binance
605,2025-07-14 09:30:58.323551,SELL,118607.58,0.08171,Kraken
606,2025-07-14 09:30:58.352472,SELL,118607.25,0.085251,Coinbase
607,2025-07-14 09:30:58.419609,SELL,118605.67,0.076951,Binance
608,2025-07-14 09:30:58.443533,SELL,118606.58,0.087015,Gemini
609,2025-07-14 09:30:58.511859,SELL,118608.14,0.082285,Binance
610,2025-07-14 09:30:58.571636,SELL,118604.5,0.081817,Kraken
611,2025-07-14 09:30:58.601344,SELL,118605.53,0.077233,Coinbase
612,2025-07-14 09:30:58.642917,SELL,118605.82,0.077813,Binance
613,2025-07-14 09:30:58.713936,SELL,118604.72,0.084557,Gemini
614,2025-07-14 09:30:58.752560,SELL,118606.0,0.083899,Binance
615,2025-07-14 09:30:58.817688,SELL,118604.91,0.081611,Kraken
616,2025-07-14 09:30:58.852336,SELL,118604.8,0.079684,Coinbase
617,2025-07-14 09:30:58.911899,SELL,118601.22,0.076813,Binance
618,2025-07-14 09:30:58.961213,SELL,118602.84,0.074809,Gemini
619,2025-07-14 09:30:59.029452,SELL,118603.42,0.078463,Binance
620,2025-07-14 09:30:59.098280,SELL,118602.89,0.084684,Kraken
621,2025-07-14 09:30:59.130318,SELL,118598.88,0.087317,Coinbase
622,2025-07-14 09:31:00.282195,SELL,118612.18,0.016577,Coinbase
623,2025-07-14 09:31:01.479981,SELL,118613.14,0.014602,Gemini
624,2025-07-14 09:31:02.535139,SELL,118660.6,0.020465,Gemini
625,2025-07-14 09:31:03.883789,BUY,118732.79,0.01719,Binance
626,2025-07-14 09:31:04.559596,BUY,118733.63,0.046947,Gemini
627,2025-07-14 09:31:05.418284,BUY,118696.61,0.029508,Binance
628,2025-07-14 09:31:06.803341,SELL,118666.45,0.034363,Coinbase
629,2025-07-14 09:31:07.879525,BUY,118729.2,0.032687,Binance
630,2025-07-14 09:31:07.914742,BUY,118330.19,0.084587,Coinbase
631,2025-07-14 09:31:07.940778,BUY,118329.24,0.081963,Coinbase
632,2025-07-14 09:31:07.996295,BUY,118332.81,0.087403,Gemini
633,2025-07-14 09:31:08.023594,BUY,118330.17,0.090333,Kraken
634,2025-07-14 09:31:08.050681,BUY,118333.3,0.085909,Coinbase
635,2025-07-14 09:31:08.074444,BUY,118330.88,0.086646,Coinbase
636,2025-07-14 09:31:08.140895,BUY,118332.43,0.084357,Gemini
637,2025-07-14 09:31:08.196991,BUY,118332.72,0.088435,Kraken
638,2025-07-14 09:31:08.241857,BUY,118335.22,0.092085,Coinbase
639,2025-07-14 09:31:08.268878,BUY,118335.3,0.088475,Coinbase
640,2025-07-14 09:31:08.290979,BUY,118335.04,0.086542,Gemini
641,2025-07-14 09:31:08.360046,BUY,118335.01,0.087189,Kraken
642,2025-07-14 09:31:08.408392,BUY,118335.54,0.086805,Coinbase
643,2025-07-14 09:31:08.421350,BUY,118336.97,0.081974,Coinbase
644,2025-07-14 09:31:08.487646,BUY,118336.49,0.08911,Gemini
645,2025-07-14 09:31:08.508440,BUY,118337.63,0.093756,Kraken
646,2025-07-14 09:31:08.574517,BUY,118337.41,0.085231,Coinbase
647,2025-07-14 09:31:08.595045,BUY,118339.53,0.080733,Coinbase
648,2025-07-14 09:31:08.654826,BUY,118338.8,0.087201,Gemini
649,2025-07-14 09:31:08.698986,BUY,118340.13,0.090439,Kraken
650,2025-07-14 09:31:08.720435,BUY,118340.86,0.087385,Coinbase
651,2025-07-14 09:31:08.754181,BUY,118339.53,0.086601,Coinbase
652,2025-07-14 09:31:08.780404,BUY,118339.69,0.083683,Gemini
653,2025-07-14 09:31:08.812384,BUY,118339.33,0.08939,Kraken
654,2025-07-14 09:31:08.861813,BUY,118341.9,0.091647,Coinbase
655,2025-07-14 09:31:08.915677,BUY,118342.28,0.087687,Coinbase
656,2025-07-14 09:31:08.945028,BUY,118343.54,0.089539,Gemini
657,2025-07-14 09:31:08.961103,BUY,118343.54,0.086617,Kraken
658,2025-07-14 09:31:09.020303,BUY,118344.89,0.083893,Coinbase
659,2025-07-14 09:31:09.081986,BUY,118343.72,0.094365,Coinbase
660,2025-07-14 09:31:09.151473,BUY,118345.37,0.093353,Gemini
661,2025-07-14 09:31:09.194128,BUY,118343.8,0.088113,Kraken
662,2025-07-14 09:31:09.251861,BUY,118344.39,0.089117,Coinbase
663,2025-07-14 09:31:09.295559,BUY,118347.16,0.092111,Coinbase
664,2025-07-14 09:31:09.339321,BUY,118347.95,0.092842,Gemini
665,2025-07-14 09:31:09.402671,BUY,118348.06,0.095012,Kraken
666,2025-07-14 09:31:09.422948,BUY,118348.07,0.090648,Coinbase
667,2025-07-14 09:31:09.484448,BUY,118347.69,0.083138,Coinbase
668,2025-07-14 09:31:09.503299,BUY,118349.27,0.088568,Gemini
669,2025-07-14 09:31:09.523467,BUY,118348.38,0.08556,Kraken
670,2025-07-14 09:31:09.580181,BUY,118349.86,0.089811,Coinbase
671,2025-07-14 09:31:09.605748,BUY,118350.42,0.088538,Coinbase
672,2025-07-14 09:31:09.669640,BUY,118352.4,0.090436,Gemini
673,2025-07-14 09:31:09.723995,BUY,118351.25,0.082627,Kraken
674,2025-07-14 09:31:09.784063,BUY,118351.79,0.079,Coinbase
675,2025-07-14 09:31:09.837815,BUY,118351.88,0.079805,Coinbase
676,2025-07-14 09:31:09.851076,BUY,118352.26,0.08072,Gemini
677,2025-07-14 09:31:09.883335,BUY,118354.31,0.086824,Kraken
678,2025-07-14 09:31:09.940881,BUY,118353.78,0.077729,Coinbase
679,2025-07-14 09:31:09.982000,BUY,118351.98,0.0802,Coinbase
680,2025-07-14 09:31:10.023519,BUY,118355.96,0.095455,Gemini
681,2025-07-14 09:31:10.077575,BUY,118356.58,0.08369,Kraken
682,2025-07-14 09:31:10.139695,BUY,118355.51,0.080628,Coinbase
683,2025-07-14 09:31:10.177700,BUY,118357.33,0.083673,Coinbase
684,2025-07-14 09:31:10.193612,BUY,118356.11,0.087075,Gemini
685,2025-07-14 09:31:10.240246,BUY,118357.7,0.08997,Kraken
686,2025-07-14 09:31:10.273300,BUY,118359.9,0.085757,Coinbase
687,2025-07-14 09:31:10.300318,BUY,118359.26,0.085651,Coinbase
688,2025-07-14 09:31:10.364098,BUY,118357.62,0.078568,Gemini
689,2025-07-14 09:31:10.419461,BUY,118359.84,0.089076,Kraken
690,2025-07-14 09:31:10.472553,BUY,118358.42,0.08958,Coinbase
691,2025-07-14 09:31:10.538951,BUY,118361.31,0.088141,Coinbase
692,2025-07-14 09:31:10.553711,BUY,118362.61,0.089587,Gemini
693,2025-07-14 09:31:10.568744,BUY,118362.58,0.088369,Kraken
694,2025-07-14 09:31:10.604739,BUY,118361.11,0.084772,Coinbase
695,2025-07-14 09:31:10.626390,BUY,118363.42,0.086456,Coinbase
696,2025-07-14 09:31:10.654105,BUY,118362.78,0.0834,Gemini
697,2025-07-14 09:31:10.670994,BUY,118364.73,0.090628,Kraken
698,2025-07-14 09:31:10.733643,BUY,118364.23,0.089654,Coinbase
699,2025-07-14 09:31:10.753744,BUY,118365.21,0.086933,Coinbase
700,2025-07-14 09:31:10.805056,BUY,118364.7,0.084731,Gemini
701,2025-07-14 09:31:10.827833,BUY,118366.78,0.086467,Kraken
702,2025-07-14 09:31:10.866830,BUY,118364.3,0.083418,Coinbase
703,2025-07-14 09:31:10.912454,BUY,118366.31,0.082925,Coinbase
704,2025-07-14 09:31:10.961698,BUY,118367.16,0.081889,Gemini
705,2025-07-14 09:31:11.026168,BUY,118368.84,0.085437,Kraken
706,2025-07-14 09:31:11.044629,BUY,118368.47,0.089382,Coinbase
707,2025-07-14 09:31:11.111344,BUY,118367.31,0.089677,Coinbase
708,2025-07-14 09:31:11.159132,BUY,118369.26,0.090205,Gemini
709,2025-07-14 09:31:11.198143,BUY,118370.03,0.087955,Kraken
710,2025-07-14 09:31:11.222610,BUY,118371.5,0.087829,Coinbase
711,2025-07-14 09:31:11.284832,BUY,118371.29,0.079006,Coinbase
712,2025-07-14 09:31:11.306065,BUY,118370.73,0.0857,Gemini
713,2025-07-14 09:31:11.337449,BUY,118372.9,0.098349,Kraken
714,2025-07-14 09:31:11.389052,BUY,118370.89,0.08514,Coinbase
715,2025-07-14 09:31:11.426219,BUY,118372.73,0.077536,Coinbase
716,2025-07-14 09:31:11.454516,BUY,118371.59,0.090853,Gemini
717,2025-07-14 09:31:11.512074,BUY,118373.94,0.091305,Kraken
718,2025-07-14 09:31:11.534194,BUY,118374.96,0.092462,Coinbase
719,2025-07-14 09:31:11.546123,BUY,118374.77,0.090632,Coinbase
720,2025-07-14 09:31:11.605736,BUY,118376.89,0.084152,Gemini
721,2025-07-14 09:31:11.635020,BUY,118375.53,0.087673,Kraken
722,2025-07-14 09:31:11.650672,BUY,118375.56,0.085562,Coinbase
723,2025-07-14 09:31:11.708765,BUY,118376.35,0.088946,Coinbase
724,2025-07-14 09:31:11.731591,BUY,118375.2,0.08458,Gemini
725,2025-07-14 09:31:11.798371,BUY,118377.09,0.090284,Kraken
726,2025-07-14 09:31:11.817686,BUY,118378.7,0.084665,Coinbase
727,2025-07-14 09:31:11.859089,BUY,118378.51,0.086625,Coinbase
728,2025-07-14 09:31:11.895461,BUY,118377.46,0.080055,Gemini
729,2025-07-14 09:31:11.946380,BUY,118382.13,0.078778,Kraken
730,2025-07-14 09:31:11.965936,BUY,118380.64,0.088003,Coinbase
731,2025-07-14 09:31:12.027034,BUY,118381.56,0.08413,Coinbase
732,2025-07-14 09:31:12.094916,BUY,118381.03,0.080712,Gemini
733,2025-07-14 09:31:12.122682,BUY,118379.52,0.088992,Kraken
734,2025-07-14 09:31:12.168077,BUY,118382.32,0.084568,Coinbase
735,2025-07-14 09:31:12.192360,BUY,118382.79,0.089598,Coinbase
736,2025-07-14 09:31:12.250200,BUY,118382.81,0.09176,Gemini
737,2025-07-14 09:31:12.319542,BUY,118383.03,0.085576,Kraken
738,2025-07-14 09:31:12.355774,BUY,118384.52,0.087086,Coinbase
739,2025-07-14 09:31:12.377012,BUY,118384.77,0.093076,Coinbase
740,2025-07-14 09:31:13.750377,BUY,118361.02,0.030908,Gemini
741,2025-07-14 09:31:14.620758,SELL,118374.22,0.029649,Gemini
742,2025-07-14 09:31:15.874377,SELL,118306.85,0.029057,Gemini
743,2025-07-14 09:31:16.751470,BUY,118329.24,0.021297,Kraken
744,2025-07-14 09:31:17.224696,SELL,118424.3,0.026763,Kraken
745,2025-07-14 09:31:17.918995,BUY,118477.41,0.050344,Kraken
746,2025-07-14 09:31:18.324433,BUY,118428.95,0.041557,Gemini
747,2025-07-14 09:31:19.308726,BUY,118449.72,0.005,Binance
748,2025-07-14 09:31:19.770674,BUY,118480.71,0.03947,Binance
749,2025-07-14 09:31:21.004366,SELL,118514.03,0.043214,Binance
750,2025-07-14 09:31:22.228813,SELL,118551.99,0.035879,Coinbase
751,2025-07-14 09:31:23.114543,SELL,118602.63,0.031691,Kraken
752,2025-07-14 09:31:23.667190,SELL,118583.89,0.040279,Kraken
753,2025-07-14 09:31:24.877560,BUY,118626.21,0.012725,Kraken
754,2025-07-14 09:31:25.200287,SELL,118650.61,0.044189,Kraken
755,2025-07-14 09:31:25.235418,SELL,118909.32,0.089879,Binance
756,2025-07-14 09:31:25.271699,SELL,118909.39,0.083531,Kraken
757,2025-07-14 09:31:25.295304,SELL,118911.46,0.092708,Gemini
758,2025-07-14 09:31:25.371692,SELL,118908.74,0.091652,Binance
759,2025-07-14 09:31:25.408723,SELL,118907.49,0.090017,Kraken
760,2025-07-14 09:31:25.436172,SELL,118908.58,0.093625,Gemini
761,2025-07-14 09:31:25.497264,SELL,118906.21,0.091818,Binance
762,2025-07-14 09:31:25.580751,SELL,118906.12,0.085175,Kraken
763,2025-07-14 09:31:25.654145,SELL,118906.63,0.085949,Gemini
764,2025-07-14 09:31:25.697599,SELL,118906.83,0.080564,Binance
765,2025-07-14 09:31:25.745803,SELL,118907.33,0.085129,Kraken
766,2025-07-14 09:31:25.791553,SELL,118905.28,0.094022,Gemini
767,2025-07-14 09:31:25.844886,SELL,118906.27,0.086882,Binance
768,2025-07-14 09:31:25.861475,SELL,118904.64,0.08505,Kraken
769,2025-07-14 09:31:25.908396,SELL,118904.91,0.091357,Gemini
770,2025-07-14 09:31:25.938139,SELL,118904.13,0.077571,Binance
771,2025-07-14 09:31:26.009517,SELL,118902.31,0.093339,Kraken
772,2025-07-14 09:31:26.036754,SELL,118901.63,0.093615,Gemini
773,2025-07-14 09:31:26.100442,SELL,118901.57,0.088092,Binance
774,2025-07-14 09:31:26.184145,SELL,118902.8,0.089254,Kraken
775,2025-07-14 09:31:26.261696,SELL,118902.31,0.082797,Gemini
776,2025-07-14 09:31:26.347508,SELL,118901.17,0.081682,Binance
777,2025-07-14 09:31:26.368301,SELL,118901.67,0.084018,Kraken
778,2025-07-14 09:31:26.426449,SELL,118898.04,0.080866,Gemini
779,2025-07-14 09:31:26.490144,SELL,118899.61,0.09989,Binance
780,2025-07-14 09:31:26.567512,SELL,118898.32,0.090463,Kraken
781,2025-07-14 09:31:26.594692,SELL,118898.63,0.089197,Gemini
782,2025-07-14 09:31:26.663732,SELL,118897.71,0.086104,Binance
783,2025-07-14 09:31:26.684574,SELL,118897.48,0.088839,Kraken
784,2025-07-14 09:31:26.717082,SELL,118894.86,0.087819,Gemini
785,2025-07-14 09:31:26.757681,SELL,118895.51,0.074223,Binance
786,2025-07-14 09:31:26.778036,SELL,118896.91,0.080043,Kraken
787,2025-07-14 09:31:26.819690,SELL,118895.33,0.096502,Gemini
788,2025-07-14 09:31:26.887079,SELL,118896.95,0.087545,Binance
789,2025-07-14 09:31:26.953247,SELL,118896.09,0.092535,Kraken
790,2025-07-14 09:31:27.025752,SELL,118895.69,0.087014,Gemini
791,2025-07-14 09:31:27.088129,SELL,118894.67,0.085961,Binance
792,2025-07-14 09:31:27.165390,SELL,118894.3,0.087111,Kraken
793,2025-07-14 09:31:27.213392,SELL,118893.06,0.087023,Gemini
794,2025-07-14 09:31:27.232605,SELL,118893.48,0.096879,Binance
795,2025-07-14 09:31:27.304739,SELL,118891.12,0.081197,Kraken
796,2025-07-14 09:31:27.362704,SELL,118892.56,0.088494,Gemini
797,2025-07-14 09:31:27.402176,SELL,118891.0,0.095172,Binance
798,2025-07-14 09:31:27.453197,SELL,118892.52,0.082309,Kraken
799,2025-07-14 09:31:27.469598,SELL,118893.3,0.089298,Gemini
800,2025-07-14 09:31:27.504905,SELL,118888.78,0.086029,Binance
801,2025-07-14 09:31:27.522650,SELL,118890.47,0.094587,Kraken
802,2025-07-14 09:31:27.609004,SELL,118888.11,0.079879,Gemini
803,2025-07-14 09:31:27.654120,SELL,118890.44,0.083547,Binance
804,2025-07-14 09:31:27.738681,SELL,118889.62,0.080641,Kraken
805,2025-07-14 09:31:27.759836,SELL,118888.68,0.088305,Gemini
806,2025-07-14 09:31:27.838946,SELL,118888.64,0.099662,Binance
807,2025-07-14 09:31:27.881552,SELL,118887.39,0.096939,Kraken
808,2025-07-14 09:31:27.959074,SELL,118886.77,0.086922,Gemini
809,2025-07-14 09:31:27.976278,SELL,118886.67,0.078141,Binance
810,2025-07-14 09:31:28.025148,SELL,118886.54,0.085344,Kraken
811,2025-07-14 09:31:28.061755,SELL,118885.94,0.089384,Gemini
812,2025-07-14 09:31:28.137970,SELL,118885.26,0.0841,Binance
813,2025-07-14 09:31:28.191428,SELL,118885.91,0.096687,Kraken
814,2025-07-14 09:31:28.239221,SELL,118884.12,0.093188,Gemini
815,2025-07-14 09:31:28.309972,SELL,118882.77,0.097469,Binance
816,2025-07-14 09:31:28.399190,SELL,118885.14,0.082607,Kraken
817,2025-07-14 09:31:28.433180,SELL,118883.52,0.085701,Gemini
818,2025-07-14 09:31:28.459213,SELL,118881.99,0.100537,Binance
819,2025-07-14 09:31:28.501258,SELL,118880.71,0.089108,Kraken
820,2025-07-14 09:31:28.537883,SELL,118881.47,0.089348,Gemini
821,2025-07-14 09:31:28.617688,SELL,118880.18,0.08915,Binance
822,2025-07-14 09:31:28.676942,SELL,118879.62,0.0864,Kraken
823,2025-07-14 09:31:28.700753,SELL,118881.25,0.090227,Gemini
824,2025-07-14 09:31:28.729732,SELL,118879.49,0.089859,Binance
825,2025-07-14 09:31:30.117542,SELL,118881.17,0.033982,Kraken
826,2025-07-14 09:31:30.783435,SELL,118899.9,0.039113,Coinbase
827,2025-07-14 09:31:31.359643,BUY,118918.31,0.02854,Binance
828,2025-07-14 09:31:32.565858,BUY,118932.58,0.036345,Gemini
829,2025-07-14 09:31:33.302143,BUY,118984.58,0.027353,Gemini
830,2025-07-14 09:31:34.200214,SELL,118984.36,0.048747,Coinbase
831,2025-07-14 09:31:35.551391,SELL,119006.01,0.02751,Binance
832,2025-07-14 09:31:36.113245,BUY,119008.12,0.014121,Gemini
833,2025-07-14 09:31:37.185399,SELL,118992.83,0.029206,Kraken
834,2025-07-14 09:31:37.944482,BUY,118992.58,0.03738,Coinbase
835,2025-07-14 09:31:38.671272,BUY,118966.99,0.032903,Binance
836,2025-07-14 09:31:39.319498,BUY,118907.33,0.02493,Coinbase
837,2025-07-14 09:31:40.693814,SELL,118950.89,0.007006,Binance
838,2025-07-14 09:31:41.419190,SELL,118967.95,0.03789,Coinbase
839,2025-07-14 09:31:42.681483,SELL,118929.95,0.038501,Gemini
840,2025-07-14 09:31:43.302159,SELL,118999.13,0.011229,Kraken
841,2025-07-14 09:31:44.297498,SELL,118992.77,0.03208,Kraken
842,2025-07-14 09:31:44.797960,BUY,119042.15,0.025135,Binance
