Date,Open,High,Low,Close,Volume,Symbol,Interval,Source,Fetch_Time,regime_state,regime_name,regime_prob_Bull_Market,regime_prob_Sideways_Market,regime_prob_Bear_Market,regime_stability
2022-09-27 00:00:00+00:00,19221.83984375,20338.455078125,18915.66796875,19110.546875,58571439619,BTC-USD,1d,yfinance,2025-07-14 16:53:22.692224,1,Sideways_Market,0.005614898663704288,0.989961823031337,0.0044232780020327595,1.0
2022-09-28 00:00:00+00:00,19104.62109375,19688.34375,18553.296875,19426.720703125,53071298734,BTC-USD,1d,yfinance,2025-07-14 16:53:22.692224,1,Sideways_Market,0.1568822664478334,0.7553735913010847,0.08774414194890238,1.0
2022-09-29 00:00:00+00:00,19427.779296875,19589.265625,18924.353515625,19573.05078125,41037843771,BTC-USD,1d,yfinance,2025-07-14 16:53:22.692224,1,Sideways_Market,0.15896050171386494,0.763665274586297,0.077374223397614,1.0
2022-09-30 00:00:00+00:00,19573.431640625,20109.849609375,19265.662109375,19431.7890625,43975248085,BTC-USD,1d,yfinance,2025-07-14 16:53:22.692224,1,Sideways_Market,0.19031372339497737,0.7360294764659847,0.07365679983678976,1.0
2022-10-01 00:00:00+00:00,19431.10546875,19471.154296875,19231.08203125,19312.095703125,18719537670,BTC-USD,1d,yfinance,2025-07-14 16:53:22.692224,1,Sideways_Market,0.18644169460491,0.7400166876506992,0.07354161744220064,1.0
2022-10-02 00:00:00+00:00,19311.849609375,19370.30859375,18970.62109375,19044.107421875,20765955327,BTC-USD,1d,yfinance,2025-07-14 16:53:22.692224,1,Sideways_Market,0.21854804993154608,0.705343667009149,0.0761082827573055,1.0
2022-10-03 00:00:00+00:00,19044.068359375,19653.54296875,19025.2265625,19623.580078125,30484729489,BTC-USD,1d,yfinance,2025-07-14 16:53:22.692224,1,Sideways_Market,0.17293617181465923,0.7062585643809766,0.12080526350276767,1.0
2022-10-04 00:00:00+00:00,19623.583984375,20380.34375,19523.83984375,20336.84375,35887278685,BTC-USD,1d,yfinance,2025-07-14 16:53:22.692224,1,Sideways_Market,0.18810751539221413,0.6671945059967512,0.14469797830938488,1.0
2022-10-05 00:00:00+00:00,20335.900390625,20343.748046875,19801.80078125,20160.716796875,33223790572,BTC-USD,1d,yfinance,2025-07-14 16:53:22.692224,1,Sideways_Market,0.19537746482638513,0.7308773480796963,0.07374518679169911,1.0
2022-10-06 00:00:00+00:00,20161.0390625,20408.392578125,19900.087890625,19955.443359375,34711412966,BTC-USD,1d,yfinance,2025-07-14 16:53:22.692224,1,Sideways_Market,0.20101968687114824,0.7243935799097082,0.07458673291704233,1.0
2022-10-07 00:00:00+00:00,19957.55859375,20041.0859375,19395.79296875,19546.849609375,29227315390,BTC-USD,1d,yfinance,2025-07-14 16:53:22.692224,1,Sideways_Market,0.25731213047017354,0.661273068556471,0.08141480067120255,1.0
2022-10-08 00:00:00+00:00,19546.328125,19601.6953125,19299.4140625,19416.568359375,16437423167,BTC-USD,1d,yfinance,2025-07-14 16:53:22.692224,1,Sideways_Market,0.18801604912769326,0.7382985083578675,0.07368544221216444,1.0
2022-10-09 00:00:00+00:00,19417.478515625,19542.5390625,19349.259765625,19446.42578125,16837262532,BTC-USD,1d,yfinance,2025-07-14 16:53:22.692224,1,Sideways_Market,0.1669664732571927,0.7587940112935683,0.07423951514707401,1.0
2022-10-10 00:00:00+00:00,19446.416015625,19515.466796875,19102.978515625,19141.484375,27425022774,BTC-USD,1d,yfinance,2025-07-14 16:53:22.692224,1,Sideways_Market,0.22791432901630024,0.6946252578982974,0.0774604127831965,1.0
2022-10-11 00:00:00+00:00,19139.0,19241.9609375,18925.603515625,19051.41796875,28711532910,BTC-USD,1d,yfinance,2025-07-14 16:53:22.692224,1,Sideways_Market,0.18201422878719326,0.744566468957176,0.07341930195334981,0.9523809523809523
2022-10-12 00:00:00+00:00,19052.646484375,19203.19921875,19029.7578125,19157.4453125,24950173846,BTC-USD,1d,yfinance,2025-07-14 16:53:22.692224,1,Sideways_Market,0.1611393504754259,0.7627722748095642,0.07608837441275175,0.9047619047619048
2022-10-13 00:00:00+00:00,19156.966796875,19453.328125,18319.822265625,19382.904296875,44219840004,BTC-USD,1d,yfinance,2025-07-14 16:53:22.692224,1,Sideways_Market,0.1561721598261605,0.7624655565996251,0.08136228327204599,0.9047619047619048
2022-10-14 00:00:00+00:00,19382.533203125,19889.146484375,19115.408203125,19185.65625,38452356727,BTC-USD,1d,yfinance,2025-07-14 16:53:22.692224,1,Sideways_Market,0.2015535693354803,0.7239507509261469,0.07449567943613414,0.8571428571428571
2022-10-15 00:00:00+00:00,19185.4375,19212.541015625,19019.25,19067.634765625,16192235532,BTC-USD,1d,yfinance,2025-07-14 16:53:22.692224,1,Sideways_Market,0.18714889293027723,0.7400101020185289,0.0728410047495856,0.8095238095238095
2022-10-16 00:00:00+00:00,19068.9140625,19389.603515625,19068.9140625,19268.09375,17988916650,BTC-USD,1d,yfinance,2025-07-14 16:53:22.692224,1,Sideways_Market,0.16091063862196578,0.6225868472263117,0.21650251385101058,0.7619047619047619
2022-10-17 00:00:00+00:00,19268.5625,19635.802734375,19173.333984375,19550.7578125,27472552998,BTC-USD,1d,yfinance,2025-07-14 16:53:22.692224,1,Sideways_Market,0.2287102858494738,0.5218274905586006,0.2494622232914583,0.7142857142857143
2022-10-18 00:00:00+00:00,19550.466796875,19666.994140625,19144.76953125,19334.416015625,30580012344,BTC-USD,1d,yfinance,2025-07-14 16:53:22.692224,1,Sideways_Market,0.3457343837480463,0.472001221514678,0.18226439443672998,0.6666666666666666
2022-10-19 00:00:00+00:00,19335.02734375,19348.416015625,19127.6875,19139.53515625,22425387184,BTC-USD,1d,yfinance,2025-07-14 16:53:22.692224,1,Sideways_Market,0.18329992061610104,0.5243722471642037,0.2923278319193269,0.6190476190476191
2022-10-20 00:00:00+00:00,19138.0859375,19315.19921875,18971.458984375,19053.740234375,24493974420,BTC-USD,1d,yfinance,2025-07-14 16:53:22.692224,1,Sideways_Market,0.21436607344780245,0.5461858080951895,0.23944811815656206,0.6190476190476191
2022-10-21 00:00:00+00:00,19053.203125,19237.384765625,18770.970703125,19172.46875,32459287866,BTC-USD,1d,yfinance,2025-07-14 16:53:22.692224,0,Bull_Market,0.4653061990320507,0.39423201874278785,0.140461781925266,0.38095238095238093
2022-10-22 00:00:00+00:00,19172.380859375,19248.068359375,19132.244140625,19208.189453125,16104440957,BTC-USD,1d,yfinance,2025-07-14 16:53:22.692224,2,Bear_Market,0.19170209790815007,0.38433851584491135,0.4239593859468947,0.047619047619047616
2022-10-23 00:00:00+00:00,19207.734375,19646.65234375,19124.197265625,19567.0078125,22128794335,BTC-USD,1d,yfinance,2025-07-14 16:53:22.692224,1,Sideways_Market,0.2235177223439851,0.4144105342912071,0.3620717430650045,0.47619047619047616
2022-10-24 00:00:00+00:00,19567.76953125,19589.125,19206.32421875,19345.572265625,30202235805,BTC-USD,1d,yfinance,2025-07-14 16:53:22.692224,0,Bull_Market,0.450291326811861,0.260263036256331,0.28944563663029665,0.5238095238095238
2022-10-25 00:00:00+00:00,19344.96484375,20348.412109375,19261.447265625,20095.857421875,47761524910,BTC-USD,1d,yfinance,2025-07-14 16:53:22.692224,0,Bull_Market,0.9934480096498802,0.0015963541646957086,0.004955635876823851,0.5714285714285714
2022-10-26 00:00:00+00:00,20092.236328125,20938.134765625,20076.1171875,20770.44140625,58895950537,BTC-USD,1d,yfinance,2025-07-14 16:53:22.692224,0,Bull_Market,0.9999188460369629,9.70870470423283e-06,7.144494967697565e-05,0.5714285714285714
2022-10-27 00:00:00+00:00,20772.802734375,20854.044921875,20255.373046875,20285.8359375,49625110402,BTC-USD,1d,yfinance,2025-07-14 16:53:22.692224,0,Bull_Market,0.9962554572209495,0.0019253584295047283,0.001819184042482818,0.5714285714285714
2022-10-28 00:00:00+00:00,20287.95703125,20724.98046875,20086.068359375,20595.3515625,43994715910,BTC-USD,1d,yfinance,2025-07-14 16:53:22.692224,0,Bull_Market,0.8342354136335478,0.11762233402831966,0.048142252034295605,0.6190476190476191
2022-10-29 00:00:00+00:00,20595.103515625,20988.39453125,20566.484375,20818.4765625,40369840645,BTC-USD,1d,yfinance,2025-07-14 16:53:22.692224,0,Bull_Market,0.5668272265085733,0.32998943492532506,0.10318333826490238,0.6666666666666666
2022-10-30 00:00:00+00:00,20817.982421875,20917.005859375,20547.462890625,20635.603515625,31486345556,BTC-USD,1d,yfinance,2025-07-14 16:53:22.692224,1,Sideways_Market,0.2433685876750466,0.5570233776477999,0.19960803437643823,0.23809523809523808
2022-10-31 00:00:00+00:00,20633.6953125,20795.3203125,20287.458984375,20495.7734375,45668466815,BTC-USD,1d,yfinance,2025-07-14 16:53:22.692224,0,Bull_Market,0.8227522360083281,0.1315327914146929,0.0457149722740012,0.7142857142857143
2022-11-01 00:00:00+00:00,20494.8984375,20647.2890625,20359.845703125,20485.2734375,39819303159,BTC-USD,1d,yfinance,2025-07-14 16:53:22.692224,0,Bull_Market,0.4419359043146337,0.42808315677265457,0.1299809386097898,0.6666666666666666
2022-11-02 00:00:00+00:00,20482.958984375,20742.810546875,20087.134765625,20159.50390625,55552169483,BTC-USD,1d,yfinance,2025-07-14 16:53:22.692224,0,Bull_Market,0.9883467843816182,0.007353518323604739,0.00429969699019619,0.6666666666666666
2022-11-03 00:00:00+00:00,20162.689453125,20382.095703125,20086.240234375,20209.98828125,43228750179,BTC-USD,1d,yfinance,2025-07-14 16:53:22.692224,0,Bull_Market,0.5516505198749959,0.3446678616889372,0.10368161813202807,0.6666666666666666
2022-11-04 00:00:00+00:00,20208.76953125,21209.560546875,20188.01953125,21147.23046875,64072727950,BTC-USD,1d,yfinance,2025-07-14 16:53:22.692224,0,Bull_Market,0.9909419445330842,0.003503677139502524,0.005554378025386079,0.6190476190476191
2022-11-05 00:00:00+00:00,21144.83203125,21446.88671875,21097.634765625,21282.69140625,37846047609,BTC-USD,1d,yfinance,2025-07-14 16:53:22.692224,1,Sideways_Market,0.21508206824936132,0.6470022708915596,0.13791566055770002,0.14285714285714285
2022-11-06 00:00:00+00:00,21285.056640625,21345.376953125,20920.19140625,20926.486328125,35082693210,BTC-USD,1d,yfinance,2025-07-14 16:53:22.692224,1,Sideways_Market,0.20792611189350055,0.6352467517122129,0.1568271360933498,0.14285714285714285
2022-11-07 00:00:00+00:00,20924.62109375,21053.24609375,20489.97265625,20602.81640625,53510852236,BTC-USD,1d,yfinance,2025-07-14 16:53:22.692224,0,Bull_Market,0.7926322782899022,0.17222100446078908,0.03514671694262699,0.47619047619047616
2022-11-08 00:00:00+00:00,20600.671875,20664.607421875,17603.544921875,18541.271484375,118992465607,BTC-USD,1d,yfinance,2025-07-14 16:53:22.692224,0,Bull_Market,0.9990629703495801,0.00045215994555247995,0.00048486939617849325,0.42857142857142855
2022-11-09 00:00:00+00:00,18543.76171875,18590.458984375,15682.6923828125,15880.7802734375,102905151606,BTC-USD,1d,yfinance,2025-07-14 16:53:22.692224,0,Bull_Market,0.9999929701259259,3.498235353603275e-06,3.5313462146508217e-06,0.38095238095238093
2022-11-10 00:00:00+00:00,15883.158203125,18054.3125,15834.0185546875,17586.771484375,83202283721,BTC-USD,1d,yfinance,2025-07-14 16:53:22.692224,2,Bear_Market,0.04793699922133333,0.00017997363582609554,0.951883026840629,0.5238095238095238
2022-11-11 00:00:00+00:00,17583.251953125,17650.943359375,16543.482421875,17034.29296875,55871616488,BTC-USD,1d,yfinance,2025-07-14 16:53:22.692224,2,Bear_Market,0.37144539208152455,0.04543643489659106,0.5831181727194861,0.5714285714285714
2022-11-12 00:00:00+00:00,17036.875,17066.67578125,16651.775390625,16799.185546875,29717699419,BTC-USD,1d,yfinance,2025-07-14 16:53:22.692224,2,Bear_Market,0.051758458930910196,0.024016516392518353,0.9242250243688517,0.6190476190476191
2022-11-13 00:00:00+00:00,16799.72265625,16920.765625,16320.634765625,16353.365234375,27209183682,BTC-USD,1d,yfinance,2025-07-14 16:53:22.692224,2,Bear_Market,0.06494322895705563,0.013485549772621898,0.921571220963956,0.6666666666666666
2022-11-14 00:00:00+00:00,16352.0283203125,17109.32421875,15872.94140625,16618.19921875,49630243054,BTC-USD,1d,yfinance,2025-07-14 16:53:22.692224,2,Bear_Market,0.0588099072015545,0.10847654578153329,0.83271354671045,0.7142857142857143
2022-11-15 00:00:00+00:00,16617.484375,17051.962890625,16542.55078125,16884.61328125,36599436183,BTC-USD,1d,yfinance,2025-07-14 16:53:22.692224,2,Bear_Market,0.039102440411316455,0.06848748009860689,0.8924100791834662,0.7619047619047619
2022-11-16 00:00:00+00:00,16884.341796875,16960.294921875,16430.111328125,16669.439453125,33925512989,BTC-USD,1d,yfinance,2025-07-14 16:53:22.692224,2,Bear_Market,0.07667995694658136,0.0626433446233486,0.8606766981233993,0.8095238095238095
2022-11-17 00:00:00+00:00,16670.42578125,16726.439453125,16460.68359375,16687.517578125,27868914022,BTC-USD,1d,yfinance,2025-07-14 16:53:22.692224,2,Bear_Market,0.05327515696248884,0.04747666736231969,0.8992481753680507,0.8571428571428571
2022-11-18 00:00:00+00:00,16687.912109375,16947.05859375,16564.611328125,16697.77734375,26862218609,BTC-USD,1d,yfinance,2025-07-14 16:53:22.692224,2,Bear_Market,0.055720288167175495,0.047527715930947866,0.896751995594473,0.9047619047619048
2022-11-19 00:00:00+00:00,16696.220703125,16797.876953125,16570.41015625,16711.546875,16106223492,BTC-USD,1d,yfinance,2025-07-14 16:53:22.692224,2,Bear_Market,0.06516187830818022,0.014434770734109526,0.920403350650525,0.9047619047619048
2022-11-20 00:00:00+00:00,16712.919921875,16746.779296875,16248.6923828125,16291.83203125,21313378652,BTC-USD,1d,yfinance,2025-07-14 16:53:22.692224,2,Bear_Market,0.08516546861530487,0.01907077213888719,0.895763758940773,0.9047619047619048
2022-11-21 00:00:00+00:00,16291.2236328125,16291.2236328125,15599.046875,15787.2841796875,37429485518,BTC-USD,1d,yfinance,2025-07-14 16:53:22.692224,2,Bear_Market,0.1649985854118632,0.05882018972574391,0.7761812245566513,0.8571428571428571
2022-11-22 00:00:00+00:00,15782.30078125,16253.0478515625,15656.6064453125,16189.76953125,30726828760,BTC-USD,1d,yfinance,2025-07-14 16:53:22.692224,2,Bear_Market,0.02682394115235817,0.039688035178156854,0.9334880233612083,0.8095238095238095
2022-11-23 00:00:00+00:00,16195.5888671875,16638.193359375,16170.5029296875,16610.70703125,32958875628,BTC-USD,1d,yfinance,2025-07-14 16:53:22.692224,2,Bear_Market,0.024626757600803375,0.039990698741858545,0.935382543349927,0.7619047619047619
2022-11-24 00:00:00+00:00,16611.63671875,16771.474609375,16501.767578125,16604.46484375,26129037414,BTC-USD,1d,yfinance,2025-07-14 16:53:22.692224,2,Bear_Market,0.058367142242256885,0.061195504823451125,0.880437352627267,0.7142857142857143
2022-11-25 00:00:00+00:00,16602.26953125,16603.31640625,16388.404296875,16521.841796875,18678255976,BTC-USD,1d,yfinance,2025-07-14 16:53:22.692224,2,Bear_Market,0.06561934840964348,0.028768475369384438,0.9056121759137096,0.6666666666666666
2022-11-26 00:00:00+00:00,16521.576171875,16666.86328125,16416.228515625,16464.28125,18000008764,BTC-USD,1d,yfinance,2025-07-14 16:53:22.692224,2,Bear_Market,0.06425515356180857,0.02772371096850633,0.9080211351624563,0.6190476190476191
2022-11-27 00:00:00+00:00,16463.8828125,16594.40625,16437.025390625,16444.626953125,20443898509,BTC-USD,1d,yfinance,2025-07-14 16:53:22.692224,2,Bear_Market,0.05726060436788374,0.04064431307146655,0.9020950822588029,0.5714285714285714
2022-11-28 00:00:00+00:00,16440.22265625,16482.93359375,16054.5302734375,16217.322265625,27743025156,BTC-USD,1d,yfinance,2025-07-14 16:53:22.692224,2,Bear_Market,0.16176068576701863,0.3068893878343,0.531349926099683,0.5238095238095238
2022-11-29 00:00:00+00:00,16217.6396484375,16522.2578125,16139.396484375,16444.982421875,23581685468,BTC-USD,1d,yfinance,2025-07-14 16:53:22.692224,1,Sideways_Market,0.11778726689057455,0.7296273659631171,0.15258536684539095,0.5238095238095238
2022-11-30 00:00:00+00:00,16445.4765625,17190.9375,16445.4765625,17168.56640625,29523576583,BTC-USD,1d,yfinance,2025-07-14 16:53:22.692224,1,Sideways_Market,0.3110338098420305,0.45687848705767664,0.23208770279961777,0.5714285714285714
2022-12-01 00:00:00+00:00,17168.001953125,17197.498046875,16888.388671875,16967.1328125,22895392882,BTC-USD,1d,yfinance,2025-07-14 16:53:22.692224,1,Sideways_Market,0.16984067763327299,0.6576634923818537,0.17249582968377675,0.6190476190476191
2022-12-02 00:00:00+00:00,16968.68359375,17088.66015625,16877.880859375,17088.66015625,19539705127,BTC-USD,1d,yfinance,2025-07-14 16:53:22.692224,1,Sideways_Market,0.16307135027718225,0.6195093778352814,0.2174192715868251,0.6666666666666666
2022-12-03 00:00:00+00:00,17090.09765625,17116.041015625,16888.140625,16908.236328125,16217776704,BTC-USD,1d,yfinance,2025-07-14 16:53:22.692224,1,Sideways_Market,0.17456667684470406,0.5233609780846536,0.30207234477026423,0.6666666666666666
2022-12-04 00:00:00+00:00,16908.169921875,17157.767578125,16903.439453125,17130.486328125,16824520830,BTC-USD,1d,yfinance,2025-07-14 16:53:22.692224,1,Sideways_Market,0.18594585130946603,0.538107243927047,0.27594690446298337,0.6666666666666666
2022-12-05 00:00:00+00:00,17128.89453125,17378.15234375,16922.431640625,16974.826171875,22209086834,BTC-USD,1d,yfinance,2025-07-14 16:53:22.692224,1,Sideways_Market,0.20152501882166984,0.6310076626461613,0.1674673182310559,0.7142857142857143
2022-12-06 00:00:00+00:00,16975.23828125,17091.86328125,16939.921875,17089.50390625,19889922369,BTC-USD,1d,yfinance,2025-07-14 16:53:22.692224,1,Sideways_Market,0.17615916296945136,0.6245562357644426,0.1992846009651491,0.7142857142857143
2022-12-07 00:00:00+00:00,17089.505859375,17109.376953125,16750.55859375,16848.126953125,19675404389,BTC-USD,1d,yfinance,2025-07-14 16:53:22.692224,1,Sideways_Market,0.1866280036940252,0.6183573736013647,0.195014622403672,0.7619047619047619
2022-12-08 00:00:00+00:00,16847.349609375,17267.916015625,16788.783203125,17233.474609375,20496603770,BTC-USD,1d,yfinance,2025-07-14 16:53:22.692224,1,Sideways_Market,0.20535274924895605,0.597799012553433,0.19684823789657613,0.8095238095238095
2022-12-09 00:00:00+00:00,17232.1484375,17280.546875,17100.8359375,17133.15234375,20328426366,BTC-USD,1d,yfinance,2025-07-14 16:53:22.692224,1,Sideways_Market,0.1788961825831081,0.6627270884454065,0.1583767286707258,0.8571428571428571
2022-12-10 00:00:00+00:00,17134.220703125,17216.826171875,17120.68359375,17128.724609375,12706781969,BTC-USD,1d,yfinance,2025-07-14 16:53:22.692224,1,Sideways_Market,0.19442475555734923,0.4697668987335392,0.33580834540884236,0.8095238095238095
2022-12-11 00:00:00+00:00,17129.7109375,17245.634765625,17091.8203125,17104.193359375,14122486832,BTC-USD,1d,yfinance,2025-07-14 16:53:22.692224,1,Sideways_Market,0.17672412376923258,0.48627209350153916,0.3370037824290819,0.8095238095238095
2022-12-12 00:00:00+00:00,17102.5,17212.564453125,16899.39453125,17206.4375,19617581341,BTC-USD,1d,yfinance,2025-07-14 16:53:22.692224,1,Sideways_Market,0.22418055479826515,0.5403676079644246,0.23545183693700328,0.8095238095238095
2022-12-13 00:00:00+00:00,17206.44140625,17930.0859375,17111.763671875,17781.318359375,26634741631,BTC-USD,1d,yfinance,2025-07-14 16:53:22.692224,0,Bull_Market,0.6539069684188319,0.21159465794925,0.13449837332940753,0.19047619047619047
2022-12-14 00:00:00+00:00,17782.06640625,18318.53125,17739.513671875,17815.650390625,25534481470,BTC-USD,1d,yfinance,2025-07-14 16:53:22.692224,0,Bull_Market,0.5524457252319327,0.338994644192091,0.10855963027453598,0.19047619047619047
2022-12-15 00:00:00+00:00,17813.64453125,17846.744140625,17322.58984375,17364.865234375,20964448341,BTC-USD,1d,yfinance,2025-07-14 16:53:22.692224,1,Sideways_Market,0.32972678549058404,0.4840881888407909,0.1861850253674617,0.8095238095238095
2022-12-16 00:00:00+00:00,17364.546875,17505.525390625,16584.701171875,16647.484375,24031608960,BTC-USD,1d,yfinance,2025-07-14 16:53:22.692224,0,Bull_Market,0.6580797199824112,0.24125926044287382,0.1006610192739486,0.19047619047619047
2022-12-17 00:00:00+00:00,16646.982421875,16800.58984375,16614.029296875,16795.091796875,14463581825,BTC-USD,1d,yfinance,2025-07-14 16:53:22.692224,1,Sideways_Market,0.16144659557574123,0.6172333004622829,0.22132010366130128,0.8095238095238095
2022-12-18 00:00:00+00:00,16795.609375,16815.38671875,16697.8203125,16757.9765625,10924354698,BTC-USD,1d,yfinance,2025-07-14 16:53:22.692224,1,Sideways_Market,0.19024273526151927,0.5084007823754514,0.30135648206268606,0.8095238095238095
2022-12-19 00:00:00+00:00,16759.041015625,16807.52734375,16398.13671875,16439.6796875,17221074814,BTC-USD,1d,yfinance,2025-07-14 16:53:22.692224,1,Sideways_Market,0.20059313030061865,0.6384077650196549,0.1609991043787359,0.8095238095238095
2022-12-20 00:00:00+00:00,16441.787109375,17012.984375,16427.8671875,16906.3046875,22722096615,BTC-USD,1d,yfinance,2025-07-14 16:53:22.692224,0,Bull_Market,0.43912841855874823,0.4230235950921688,0.13784798604815615,0.19047619047619047
2022-12-21 00:00:00+00:00,16904.52734375,16916.80078125,16755.912109375,16817.53515625,14882945045,BTC-USD,1d,yfinance,2025-07-14 16:53:22.692224,1,Sideways_Market,0.16401294905578145,0.624203737906972,0.2117833127363075,0.8095238095238095
2022-12-22 00:00:00+00:00,16818.380859375,16866.673828125,16592.408203125,16830.341796875,16441573050,BTC-USD,1d,yfinance,2025-07-14 16:53:22.692224,1,Sideways_Market,0.18135816808900732,0.6410204821265205,0.17762134948338498,0.8095238095238095
2022-12-23 00:00:00+00:00,16829.64453125,16905.21875,16794.458984375,16796.953125,15329265213,BTC-USD,1d,yfinance,2025-07-14 16:53:22.692224,1,Sideways_Market,0.170898987954227,0.6294347100317643,0.1996663017134302,0.8095238095238095
2022-12-24 00:00:00+00:00,16796.9765625,16864.703125,16793.52734375,16847.755859375,9744636213,BTC-USD,1d,yfinance,2025-07-14 16:53:22.692224,1,Sideways_Market,0.2106377616886809,0.4268709023524979,0.36249133565870933,0.8571428571428571
2022-12-25 00:00:00+00:00,16847.505859375,16860.5546875,16755.25390625,16841.986328125,11656379938,BTC-USD,1d,yfinance,2025-07-14 16:53:22.692224,1,Sideways_Market,0.17321646480231298,0.538677857655742,0.288105677241491,0.8571428571428571
2022-12-26 00:00:00+00:00,16842.25,16920.123046875,16812.369140625,16919.8046875,11886957804,BTC-USD,1d,yfinance,2025-07-14 16:53:22.692224,1,Sideways_Market,0.17402725937045732,0.5478107827732682,0.278161957555802,0.8095238095238095
2022-12-27 00:00:00+00:00,16919.291015625,16959.845703125,16642.072265625,16717.173828125,15748580239,BTC-USD,1d,yfinance,2025-07-14 16:53:22.692224,1,Sideways_Market,0.21321994836627242,0.6010623636694009,0.18571768766337557,0.8095238095238095
2022-12-28 00:00:00+00:00,16716.400390625,16768.169921875,16497.556640625,16552.572265625,17005713920,BTC-USD,1d,yfinance,2025-07-14 16:53:22.692224,1,Sideways_Market,0.26686470555967184,0.5585853453468759,0.17454994879253463,0.7619047619047619
2022-12-29 00:00:00+00:00,16552.322265625,16651.755859375,16508.68359375,16642.341796875,14472237479,BTC-USD,1d,yfinance,2025-07-14 16:53:22.692224,1,Sideways_Market,0.18927743132424857,0.5897555069220641,0.22096706145290182,0.7142857142857143
2022-12-30 00:00:00+00:00,16641.330078125,16643.427734375,16408.474609375,16602.5859375,15929162910,BTC-USD,1d,yfinance,2025-07-14 16:53:22.692224,1,Sideways_Market,0.21950433072105466,0.5934210537309561,0.18707461524728564,0.6666666666666666
2022-12-31 00:00:00+00:00,16603.673828125,16628.986328125,16517.51953125,16547.49609375,11239186456,BTC-USD,1d,yfinance,2025-07-14 16:53:22.692224,1,Sideways_Market,0.17227107379744952,0.519291453575066,0.3084374723271313,0.6666666666666666
2023-01-01 00:00:00+00:00,16547.9140625,16630.439453125,16521.234375,16625.080078125,9244361700,BTC-USD,1d,yfinance,2025-07-14 16:53:22.692224,1,Sideways_Market,0.2034573159550664,0.42630646103385034,0.3702362227109463,0.6190476190476191
2023-01-02 00:00:00+00:00,16625.509765625,16759.34375,16572.228515625,16688.470703125,12097775227,BTC-USD,1d,yfinance,2025-07-14 16:53:22.692224,1,Sideways_Market,0.18743166473780534,0.48203222086781283,0.3305361140942041,0.5714285714285714
2023-01-03 00:00:00+00:00,16688.84765625,16760.447265625,16622.37109375,16679.857421875,13903079207,BTC-USD,1d,yfinance,2025-07-14 16:53:22.692224,1,Sideways_Market,0.2271983843562788,0.5116472832645231,0.2611543320790041,0.5238095238095238
2023-01-04 00:00:00+00:00,16680.205078125,16964.5859375,16667.763671875,16863.23828125,18421743322,BTC-USD,1d,yfinance,2025-07-14 16:53:22.692224,0,Bull_Market,0.5908129912142659,0.26415123109130534,0.14503577739489928,0.2857142857142857
2023-01-05 00:00:00+00:00,16863.47265625,16884.021484375,16790.283203125,16836.736328125,13692758566,BTC-USD,1d,yfinance,2025-07-14 16:53:22.692224,2,Bear_Market,0.2465593230046877,0.2866842329431835,0.466756443752111,0.23809523809523808
2023-01-06 00:00:00+00:00,16836.47265625,16991.994140625,16716.421875,16951.96875,14413662913,BTC-USD,1d,yfinance,2025-07-14 16:53:22.692224,2,Bear_Market,0.29982602806767905,0.272246633479854,0.42792733815185324,0.23809523809523808
2023-01-07 00:00:00+00:00,16952.1171875,16975.017578125,16914.19140625,16955.078125,7714767174,BTC-USD,1d,yfinance,2025-07-14 16:53:22.692224,2,Bear_Market,0.16610091563335172,0.1515133986888001,0.6823856853756098,0.23809523809523808
2023-01-08 00:00:00+00:00,16954.146484375,17091.14453125,16924.05078125,17091.14453125,9768827914,BTC-USD,1d,yfinance,2025-07-14 16:53:22.692224,2,Bear_Market,0.16304171036591825,0.17039407447774718,0.6665642148587088,0.23809523809523808
2023-01-09 00:00:00+00:00,17093.9921875,17389.95703125,17093.9921875,17196.5546875,18624736866,BTC-USD,1d,yfinance,2025-07-14 16:53:22.692224,0,Bull_Market,0.7552758948559094,0.033634464518418915,0.2110896403259349,0.42857142857142855
2023-01-10 00:00:00+00:00,17192.94921875,17484.720703125,17162.990234375,17446.29296875,15808338949,BTC-USD,1d,yfinance,2025-07-14 16:53:22.692224,2,Bear_Market,0.4054749736863612,0.09839013915423724,0.49613488685988716,0.23809523809523808
2023-01-11 00:00:00+00:00,17446.359375,17934.896484375,17337.994140625,17934.896484375,18372283782,BTC-USD,1d,yfinance,2025-07-14 16:53:22.692224,0,Bull_Market,0.7298920153182203,0.05815826345729159,0.21194972091996456,0.5238095238095238
2023-01-12 00:00:00+00:00,18117.59375,19030.087890625,17995.203125,18869.587890625,34971338710,BTC-USD,1d,yfinance,2025-07-14 16:53:22.692224,0,Bull_Market,0.9999716826564892,1.3755906367585614e-05,1.456112847453281e-05,0.5238095238095238
2023-01-13 00:00:00+00:00,18868.90625,19964.322265625,18753.1640625,19909.57421875,29225029694,BTC-USD,1d,yfinance,2025-07-14 16:53:22.692224,0,Bull_Market,0.9979227359209665,0.0003190356073534296,0.0017582281630125394,0.5238095238095238
2023-01-14 00:00:00+00:00,19910.537109375,21075.142578125,19907.828125,20976.298828125,38967784639,BTC-USD,1d,yfinance,2025-07-14 16:53:22.692224,0,Bull_Market,0.9999939030928982,1.8483555491793204e-06,4.248248392948574e-06,0.5238095238095238
2023-01-15 00:00:00+00:00,20977.484375,20993.748046875,20606.986328125,20880.798828125,19298407543,BTC-USD,1d,yfinance,2025-07-14 16:53:22.692224,1,Sideways_Market,0.30367800925261385,0.6074365442419118,0.08888544620333101,0.2857142857142857
2023-01-16 00:00:00+00:00,20882.224609375,21360.875,20715.74609375,21169.6328125,26792494050,BTC-USD,1d,yfinance,2025-07-14 16:53:22.692224,0,Bull_Market,0.8932401144668388,0.08680449765597886,0.019955387571393073,0.47619047619047616
2023-01-17 00:00:00+00:00,21175.833984375,21438.66015625,20978.533203125,21161.51953125,24999983362,BTC-USD,1d,yfinance,2025-07-14 16:53:22.692224,0,Bull_Market,0.7370425085492035,0.22215790288542261,0.04079958825928888,0.47619047619047616
2023-01-18 00:00:00+00:00,21161.05078125,21564.501953125,20541.544921875,20688.78125,30005625418,BTC-USD,1d,yfinance,2025-07-14 16:53:22.692224,0,Bull_Market,0.9828708636495247,0.013333227621791172,0.0037959084260531166,0.47619047619047616
2023-01-19 00:00:00+00:00,20686.74609375,21163.01171875,20685.380859375,21086.79296875,21152848261,BTC-USD,1d,yfinance,2025-07-14 16:53:22.692224,1,Sideways_Market,0.2651635150711938,0.622827963370349,0.112008521257314,0.47619047619047616
2023-01-20 00:00:00+00:00,21085.373046875,22692.357421875,20919.126953125,22676.552734375,28799154319,BTC-USD,1d,yfinance,2025-07-14 16:53:22.692224,0,Bull_Market,0.8005803731688722,0.049914373613563,0.14950525291240765,0.47619047619047616
2023-01-21 00:00:00+00:00,22677.427734375,23282.34765625,22511.833984375,22777.625,32442278429,BTC-USD,1d,yfinance,2025-07-14 16:53:22.692224,0,Bull_Market,0.904439455683998,0.08478443191925299,0.010776112093653475,0.47619047619047616
2023-01-22 00:00:00+00:00,22777.986328125,23056.73046875,22387.900390625,22720.416015625,24746386230,BTC-USD,1d,yfinance,2025-07-14 16:53:22.692224,1,Sideways_Market,0.2769882194021612,0.6595456847796172,0.06346609551594135,0.5714285714285714
2023-01-23 00:00:00+00:00,22721.087890625,23126.486328125,22654.3046875,22934.431640625,26518700512,BTC-USD,1d,yfinance,2025-07-14 16:53:22.692224,1,Sideways_Market,0.30560459551604574,0.6314961818294069,0.06289922235222828,0.6190476190476191
2023-01-24 00:00:00+00:00,22929.626953125,23134.01171875,22549.744140625,22636.46875,26405069715,BTC-USD,1d,yfinance,2025-07-14 16:53:22.692224,1,Sideways_Market,0.3617450963742307,0.5803852134249999,0.057869689898302545,0.6666666666666666
2023-01-25 00:00:00+00:00,22639.267578125,23722.099609375,22406.076171875,23117.859375,30685366709,BTC-USD,1d,yfinance,2025-07-14 16:53:22.692224,1,Sideways_Market,0.4629691488725832,0.4792308938188011,0.05779995700624896,0.7142857142857143
2023-01-26 00:00:00+00:00,23108.955078125,23237.078125,22911.373046875,23032.77734375,26357839322,BTC-USD,1d,yfinance,2025-07-14 16:53:22.692224,1,Sideways_Market,0.23483691045762922,0.6983222322697332,0.06684085697035758,0.7142857142857143
2023-01-27 00:00:00+00:00,23030.716796875,23417.720703125,22654.59375,23078.728515625,25383335641,BTC-USD,1d,yfinance,2025-07-14 16:53:22.692224,1,Sideways_Market,0.17312014011573396,0.7497197559818268,0.0771601036007856,0.7619047619047619
2023-01-28 00:00:00+00:00,23079.96484375,23165.896484375,22908.845703125,23031.08984375,14712928379,BTC-USD,1d,yfinance,2025-07-14 16:53:22.692224,1,Sideways_Market,0.15882595856220522,0.6344249692915254,0.20674907184523553,0.8095238095238095
2023-01-29 00:00:00+00:00,23031.44921875,23919.890625,22985.0703125,23774.56640625,27423687259,BTC-USD,1d,yfinance,2025-07-14 16:53:22.692224,1,Sideways_Market,0.21237012148139225,0.6688382208854682,0.1187916573317238,0.8571428571428571
2023-01-30 00:00:00+00:00,23774.6484375,23789.34765625,22657.58203125,22840.138671875,27205595568,BTC-USD,1d,yfinance,2025-07-14 16:53:22.692224,0,Bull_Market,0.4746842359958906,0.4271167966457825,0.09819896705672547,0.19047619047619047
2023-01-31 00:00:00+00:00,22840.796875,23225.021484375,22765.568359375,23139.283203125,22837828665,BTC-USD,1d,yfinance,2025-07-14 16:53:22.692224,1,Sideways_Market,0.11772141687709099,0.7689983346536899,0.1132802481673352,0.8571428571428571
2023-02-01 00:00:00+00:00,23137.8359375,23764.5390625,22877.75,23723.76953125,26683255504,BTC-USD,1d,yfinance,2025-07-14 16:53:22.692224,1,Sideways_Market,0.16683172647489247,0.7285845807777902,0.10458369244563878,0.9047619047619048
2023-02-02 00:00:00+00:00,23720.82421875,24167.2109375,23468.595703125,23471.87109375,32066936882,BTC-USD,1d,yfinance,2025-07-14 16:53:22.692224,1,Sideways_Market,0.44370170279432525,0.5085947913461621,0.0477035055571607,0.9047619047619048
2023-02-03 00:00:00+00:00,23469.412109375,23678.103515625,23279.955078125,23449.322265625,27083066007,BTC-USD,1d,yfinance,2025-07-14 16:53:22.692224,1,Sideways_Market,0.2140713266021066,0.707695029216078,0.07823364388021217,0.9047619047619048
2023-02-04 00:00:00+00:00,23446.3203125,23556.94921875,23291.794921875,23331.84765625,15639298538,BTC-USD,1d,yfinance,2025-07-14 16:53:22.692224,1,Sideways_Market,0.1560407094427566,0.6392415911316263,0.20471769912451437,0.9047619047619048
2023-02-05 00:00:00+00:00,23332.248046875,23423.435546875,22841.759765625,22955.666015625,19564262605,BTC-USD,1d,yfinance,2025-07-14 16:53:22.692224,1,Sideways_Market,0.15465285776309387,0.701630445663387,0.14371669627187048,0.8571428571428571
2023-02-06 00:00:00+00:00,22954.021484375,23119.279296875,22692.025390625,22760.109375,23825006542,BTC-USD,1d,yfinance,2025-07-14 16:53:22.692224,1,Sideways_Market,0.17344972918206475,0.7339568281649034,0.09259344235110646,0.8095238095238095
2023-02-07 00:00:00+00:00,22757.267578125,23310.974609375,22756.2578125,23264.291015625,27187964471,BTC-USD,1d,yfinance,2025-07-14 16:53:22.692224,1,Sideways_Market,0.2310095019178711,0.6720540164183215,0.09693648136187064,0.7619047619047619
2023-02-08 00:00:00+00:00,23263.416015625,23367.958984375,22731.09765625,22939.3984375,25371367758,BTC-USD,1d,yfinance,2025-07-14 16:53:22.692224,1,Sideways_Market,0.22032456862891608,0.691727642297264,0.08794778877234057,0.7619047619047619
2023-02-09 00:00:00+00:00,22946.56640625,22996.4375,21773.974609375,21819.0390625,32572572185,BTC-USD,1d,yfinance,2025-07-14 16:53:22.692224,0,Bull_Market,0.890425919442009,0.06886137446558858,0.040712705789872,0.23809523809523808
2023-02-10 00:00:00+00:00,21819.005859375,21941.185546875,21539.392578125,21651.18359375,27078406594,BTC-USD,1d,yfinance,2025-07-14 16:53:22.692224,1,Sideways_Market,0.27951983016715554,0.6219867376451749,0.09849343188639921,0.8095238095238095
2023-02-11 00:00:00+00:00,21651.841796875,21891.41015625,21618.44921875,21870.875,16356226232,BTC-USD,1d,yfinance,2025-07-14 16:53:22.692224,1,Sideways_Market,0.1680009989881571,0.6019745192770646,0.2300244814339204,0.8095238095238095
2023-02-12 00:00:00+00:00,21870.90234375,22060.994140625,21682.828125,21788.203125,17821046406,BTC-USD,1d,yfinance,2025-07-14 16:53:22.692224,1,Sideways_Market,0.150620421641696,0.6605389377662962,0.18884064029081332,0.8095238095238095
2023-02-13 00:00:00+00:00,21787.0,21898.4140625,21460.087890625,21808.1015625,23918742607,BTC-USD,1d,yfinance,2025-07-14 16:53:22.692224,1,Sideways_Market,0.20156244345706875,0.6828220679498076,0.1156154882915281,0.8095238095238095
2023-02-14 00:00:00+00:00,21801.822265625,22293.140625,21632.39453125,22220.8046875,26792596581,BTC-USD,1d,yfinance,2025-07-14 16:53:22.692224,1,Sideways_Market,0.298610856944209,0.5901581024145471,0.11123104034113183,0.8095238095238095
2023-02-15 00:00:00+00:00,22220.5859375,24307.841796875,22082.76953125,24307.841796875,32483312909,BTC-USD,1d,yfinance,2025-07-14 16:53:22.692224,0,Bull_Market,0.5389862922808594,0.028524668450140983,0.43248903896812685,0.19047619047619047
2023-02-16 00:00:00+00:00,24307.349609375,25134.1171875,23602.5234375,23623.474609375,39316664596,BTC-USD,1d,yfinance,2025-07-14 16:53:22.692224,0,Bull_Market,0.9843239333789917,0.01317630953735157,0.002499756776150159,0.19047619047619047
2023-02-17 00:00:00+00:00,23621.283203125,24924.041015625,23460.755859375,24565.6015625,41358451255,BTC-USD,1d,yfinance,2025-07-14 16:53:22.692224,0,Bull_Market,0.8825315139936507,0.08992961118463942,0.02753887452036707,0.19047619047619047
2023-02-18 00:00:00+00:00,24565.296875,24798.8359375,24468.373046875,24641.27734375,19625427158,BTC-USD,1d,yfinance,2025-07-14 16:53:22.692224,1,Sideways_Market,0.11407611668143226,0.7457385645248796,0.1401853184919993,0.8095238095238095
2023-02-19 00:00:00+00:00,24640.02734375,25093.0546875,24327.642578125,24327.642578125,25555105670,BTC-USD,1d,yfinance,2025-07-14 16:53:22.692224,1,Sideways_Market,0.19848693731422784,0.7217395731681575,0.07977348921547947,0.8095238095238095
2023-02-20 00:00:00+00:00,24336.623046875,25020.458984375,23927.91015625,24829.1484375,28987376573,BTC-USD,1d,yfinance,2025-07-14 16:53:22.692224,1,Sideways_Market,0.19834320017259033,0.7191545744297694,0.08250222509569068,0.8571428571428571
2023-02-21 00:00:00+00:00,24833.048828125,25126.8515625,24200.36328125,24436.353515625,31252098714,BTC-USD,1d,yfinance,2025-07-14 16:53:22.692224,1,Sideways_Market,0.4253870769343767,0.523600511211659,0.05101241155140108,0.8095238095238095
2023-02-22 00:00:00+00:00,24437.41796875,24472.33984375,23644.318359375,24188.84375,30199996781,BTC-USD,1d,yfinance,2025-07-14 16:53:22.692224,1,Sideways_Market,0.32402680659223093,0.6193345648997917,0.05663862820556397,0.7619047619047619
2023-02-23 00:00:00+00:00,24190.71875,24572.08984375,23693.919921875,23947.4921875,30476264066,BTC-USD,1d,yfinance,2025-07-14 16:53:22.692224,1,Sideways_Market,0.32795251473995307,0.61608678010807,0.055960704849819125,0.7142857142857143
2023-02-24 00:00:00+00:00,23946.0078125,24103.705078125,23007.072265625,23198.126953125,26811744928,BTC-USD,1d,yfinance,2025-07-14 16:53:22.692224,1,Sideways_Market,0.34217987614478534,0.557072765593687,0.10074735796021766,0.6666666666666666
2023-02-25 00:00:00+00:00,23200.125,23210.2109375,22861.55859375,23175.375,16100721565,BTC-USD,1d,yfinance,2025-07-14 16:53:22.692224,1,Sideways_Market,0.1452948213931418,0.6527765416621051,0.20192863664373323,0.6190476190476191
2023-02-26 00:00:00+00:00,23174.150390625,23654.3671875,23084.220703125,23561.212890625,16644534842,BTC-USD,1d,yfinance,2025-07-14 16:53:22.692224,1,Sideways_Market,0.14261440115293436,0.6424689544510686,0.21491664409482514,0.6190476190476191
2023-02-27 00:00:00+00:00,23561.451171875,23857.890625,23205.87890625,23522.87109375,22660763494,BTC-USD,1d,yfinance,2025-07-14 16:53:22.692224,1,Sideways_Market,0.1269828768584869,0.7719698232606433,0.10104729957897468,0.6190476190476191
2023-02-28 00:00:00+00:00,23521.837890625,23585.384765625,23077.650390625,23147.353515625,20535363434,BTC-USD,1d,yfinance,2025-07-14 16:53:22.692224,1,Sideways_Market,0.15241219715915957,0.7163557148892838,0.13123208764979793,0.6190476190476191
2023-03-01 00:00:00+00:00,23150.9296875,23880.6328125,23088.626953125,23646.55078125,24662841200,BTC-USD,1d,yfinance,2025-07-14 16:53:22.692224,1,Sideways_Market,0.14418496744243897,0.7507287865710096,0.10508624568459414,0.5714285714285714
2023-03-02 00:00:00+00:00,23647.01953125,23739.138671875,23245.021484375,23475.466796875,20386398516,BTC-USD,1d,yfinance,2025-07-14 16:53:22.692224,1,Sideways_Market,0.1302263822458847,0.7556018784085358,0.1141717390445664,0.5238095238095238
2023-03-03 00:00:00+00:00,23476.6328125,23479.34765625,22213.23828125,22362.6796875,26062404610,BTC-USD,1d,yfinance,2025-07-14 16:53:22.692224,0,Bull_Market,0.5721952398291542,0.31493919910770163,0.11286556076268062,0.5238095238095238
2023-03-04 00:00:00+00:00,22362.923828125,22405.177734375,22198.98046875,22353.349609375,11166012913,BTC-USD,1d,yfinance,2025-07-14 16:53:22.692224,0,Bull_Market,0.22100296406833198,0.4741231402868829,0.30487389534446796,0.5714285714285714
2023-03-05 00:00:00+00:00,22354.14453125,22613.685546875,22307.142578125,22435.513671875,13317001733,BTC-USD,1d,yfinance,2025-07-14 16:53:22.692224,0,Bull_Market,0.16971020643941642,0.5891288985271461,0.24116089473255242,0.6190476190476191
2023-03-06 00:00:00+00:00,22436.81640625,22584.29296875,22331.314453125,22429.7578125,17353192895,BTC-USD,1d,yfinance,2025-07-14 16:53:22.692224,0,Bull_Market,0.12362915674396671,0.7287818280547184,0.14758901489983464,0.6666666666666666
2023-03-07 00:00:00+00:00,22428.322265625,22527.41796875,22011.26171875,22219.76953125,22765452204,BTC-USD,1d,yfinance,2025-07-14 16:53:22.692224,0,Bull_Market,0.2005937340400196,0.6721876132890546,0.127218652369493,0.7142857142857143
2023-03-08 00:00:00+00:00,22216.44140625,22268.896484375,21708.05078125,21718.080078125,22536575684,BTC-USD,1d,yfinance,2025-07-14 16:53:22.692224,0,Bull_Market,0.26109445676073584,0.5942744782969642,0.1446310646409973,0.7619047619047619
2023-03-09 00:00:00+00:00,21720.080078125,21802.716796875,20210.306640625,20363.021484375,30364664171,BTC-USD,1d,yfinance,2025-07-14 16:53:22.692224,0,Bull_Market,0.9678923539617182,0.013508947483037945,0.01859869824705364,0.8095238095238095
2023-03-10 00:00:00+00:00,20367.001953125,20370.595703125,19628.25390625,20187.244140625,39578257695,BTC-USD,1d,yfinance,2025-07-14 16:53:22.692224,0,Bull_Market,0.9911379328904517,0.00684226327016181,0.0020198035350513684,0.8571428571428571
2023-03-11 00:00:00+00:00,20187.876953125,20792.525390625,20068.66015625,20632.41015625,30180288176,BTC-USD,1d,yfinance,2025-07-14 16:53:22.692224,0,Bull_Market,0.4639933740258264,0.4616106238146358,0.07439600185876118,0.9047619047619048
2023-03-12 00:00:00+00:00,20628.029296875,22185.03125,20448.806640625,22163.94921875,29279035521,BTC-USD,1d,yfinance,2025-07-14 16:53:22.692224,0,Bull_Market,0.48622381591076214,0.16230254280904866,0.35147364097896594,0.9523809523809523
2023-03-13 00:00:00+00:00,22156.40625,24550.837890625,21918.19921875,24197.533203125,49466362688,BTC-USD,1d,yfinance,2025-07-14 16:53:22.692224,0,Bull_Market,0.9939622956190729,7.877116206062795e-05,0.0059589329102709915,1.0
2023-03-14 00:00:00+00:00,24201.765625,26514.716796875,24081.18359375,24746.07421875,54622230164,BTC-USD,1d,yfinance,2025-07-14 16:53:22.692224,0,Bull_Market,0.9999438779933287,2.2738821071583236e-05,3.338287700744685e-05,1.0
2023-03-15 00:00:00+00:00,24770.92578125,25240.615234375,23964.91015625,24375.9609375,43655701450,BTC-USD,1d,yfinance,2025-07-14 16:53:22.692224,0,Bull_Market,0.9874141552505732,0.010222133868367728,0.0023637105780707226,1.0
2023-03-16 00:00:00+00:00,24373.45703125,25190.326171875,24225.111328125,25052.7890625,33866061747,BTC-USD,1d,yfinance,2025-07-14 16:53:22.692224,0,Bull_Market,0.31603034370239225,0.5733770468348733,0.11059260916143299,1.0
2023-03-17 00:00:00+00:00,25055.123046875,27787.8125,24955.169921875,27423.9296875,50730261335,BTC-USD,1d,yfinance,2025-07-14 16:53:22.692224,0,Bull_Market,0.824253972585397,0.0018450067001346607,0.17390102041177805,1.0
2023-03-18 00:00:00+00:00,27448.1171875,27725.953125,26636.26171875,26965.87890625,35723036817,BTC-USD,1d,yfinance,2025-07-14 16:53:22.692224,0,Bull_Market,0.5534460197363721,0.3279095589721331,0.11864442099117921,1.0
2023-03-19 00:00:00+00:00,26969.50390625,28440.560546875,26907.716796875,28038.67578125,37769448859,BTC-USD,1d,yfinance,2025-07-14 16:53:22.692224,0,Bull_Market,0.2554311004786058,0.40042431769740805,0.3441445815244448,1.0
2023-03-20 00:00:00+00:00,28041.6015625,28527.724609375,27242.880859375,27767.236328125,44774027664,BTC-USD,1d,yfinance,2025-07-14 16:53:22.692224,0,Bull_Market,0.8444031886661845,0.11481674210252614,0.040780068930276366,1.0
2023-03-21 00:00:00+00:00,27768.392578125,28439.5625,27439.646484375,28175.81640625,36102192830,BTC-USD,1d,yfinance,2025-07-14 16:53:22.692224,0,Bull_Market,0.2075919596844944,0.5653637996816137,0.22704424033355336,1.0
2023-03-22 00:00:00+00:00,28158.720703125,28803.3359375,26759.99609375,27307.4375,33382021890,BTC-USD,1d,yfinance,2025-07-14 16:53:22.692224,0,Bull_Market,0.4651444062255393,0.2927523130111919,0.24210328046393093,1.0
2023-03-23 00:00:00+00:00,27301.95703125,28729.84375,27183.36328125,28333.97265625,24220433689,BTC-USD,1d,yfinance,2025-07-14 16:53:22.692224,0,Bull_Market,0.09609609213854353,0.34605166173796525,0.5578522458234312,1.0
2023-03-24 00:00:00+00:00,28324.111328125,28388.4375,27039.265625,27493.28515625,25980310960,BTC-USD,1d,yfinance,2025-07-14 16:53:22.692224,0,Bull_Market,0.26629246242426236,0.33558614880261955,0.39812138847257345,1.0
2023-03-25 00:00:00+00:00,27487.337890625,27791.826171875,27196.234375,27494.70703125,13383005987,BTC-USD,1d,yfinance,2025-07-14 16:53:22.692224,0,Bull_Market,0.1760410353309946,0.16703548106191052,0.6569234833048323,1.0
2023-03-26 00:00:00+00:00,27495.5234375,28178.14453125,27445.046875,27994.330078125,13878363192,BTC-USD,1d,yfinance,2025-07-14 16:53:22.692224,0,Bull_Market,0.15408181418785202,0.15845486353563848,0.6874633219747666,1.0
2023-03-27 00:00:00+00:00,27994.068359375,28037.92578125,26606.689453125,27139.888671875,18188895178,BTC-USD,1d,yfinance,2025-07-14 16:53:22.692224,0,Bull_Market,0.21792539854631196,0.16997331816311326,0.6121012829894675,1.0
2023-03-28 00:00:00+00:00,27132.888671875,27460.71875,26677.818359375,27268.130859375,17783600385,BTC-USD,1d,yfinance,2025-07-14 16:53:22.692224,0,Bull_Market,0.1339038469303619,0.294030519114494,0.572065633654047,1.0
2023-03-29 00:00:00+00:00,27267.03125,28619.54296875,27259.662109375,28348.44140625,20684945906,BTC-USD,1d,yfinance,2025-07-14 16:53:22.692224,0,Bull_Market,0.12915399714533973,0.3348586180751678,0.5359873844798794,1.0
2023-03-30 00:00:00+00:00,28350.140625,29159.90234375,27720.16015625,28033.5625,22435349951,BTC-USD,1d,yfinance,2025-07-14 16:53:22.692224,0,Bull_Market,0.15663280019726752,0.5635316376873036,0.27983556181486224,1.0
2023-03-31 00:00:00+00:00,28032.26171875,28639.896484375,27583.71484375,28478.484375,19001327598,BTC-USD,1d,yfinance,2025-07-14 16:53:22.692224,0,Bull_Market,0.1277516173037828,0.4803319639873313,0.3919164184085054,1.0
2023-04-01 00:00:00+00:00,28473.33203125,28802.45703125,28297.171875,28411.03515625,10876469901,BTC-USD,1d,yfinance,2025-07-14 16:53:22.692224,0,Bull_Market,0.25872329619097634,0.2794019232944809,0.4618747802148418,1.0
2023-04-02 00:00:00+00:00,28462.845703125,28518.958984375,27884.087890625,28199.30859375,12284641999,BTC-USD,1d,yfinance,2025-07-14 16:53:22.692224,0,Bull_Market,0.22663271388393857,0.4605421655413024,0.3128251202744631,1.0
2023-04-03 00:00:00+00:00,28183.080078125,28475.623046875,27276.720703125,27790.220703125,19556501327,BTC-USD,1d,yfinance,2025-07-14 16:53:22.692224,0,Bull_Market,0.14806074474660938,0.7016246387929259,0.15031461615919234,1.0
2023-04-04 00:00:00+00:00,27795.2734375,28433.7421875,27681.3046875,28168.08984375,15284538859,BTC-USD,1d,yfinance,2025-07-14 16:53:22.692224,0,Bull_Market,0.1436364148688698,0.635911715130783,0.22045186969929192,1.0
2023-04-05 00:00:00+00:00,28169.7265625,28739.23828125,27843.763671875,28177.984375,17052315986,BTC-USD,1d,yfinance,2025-07-14 16:53:22.692224,0,Bull_Market,0.12375949735358806,0.7243004698219079,0.15194003252321642,1.0
2023-04-06 00:00:00+00:00,28175.2265625,28178.384765625,27738.759765625,28044.140625,13837809380,BTC-USD,1d,yfinance,2025-07-14 16:53:22.692224,0,Bull_Market,0.15981336170667848,0.6260543652734741,0.21413227271912127,1.0
2023-04-07 00:00:00+00:00,28038.966796875,28111.59375,27794.03125,27925.859375,10861680497,BTC-USD,1d,yfinance,2025-07-14 16:53:22.692224,0,Bull_Market,0.19851831437031003,0.522755801709875,0.27872588361947165,1.0
2023-04-08 00:00:00+00:00,27920.513671875,28159.86328125,27883.38671875,27947.794921875,9373255556,BTC-USD,1d,yfinance,2025-07-14 16:53:22.692224,0,Bull_Market,0.22999701495554056,0.431824262116302,0.338178722628018,1.0
2023-04-09 00:00:00+00:00,27952.3671875,28532.830078125,27828.48046875,28333.05078125,12175322951,BTC-USD,1d,yfinance,2025-07-14 16:53:22.692224,0,Bull_Market,0.17575593762209302,0.5847797082990369,0.2394643537784174,1.0
2023-04-10 00:00:00+00:00,28336.02734375,29771.46484375,28189.271484375,29652.98046875,19282400094,BTC-USD,1d,yfinance,2025-07-14 16:53:22.692224,0,Bull_Market,0.3679082963432392,0.44097424455705136,0.1911174587984782,1.0
2023-04-11 00:00:00+00:00,29653.6796875,30509.083984375,29609.30078125,30235.05859375,20121259843,BTC-USD,1d,yfinance,2025-07-14 16:53:22.692224,0,Bull_Market,0.39503099549882864,0.5184306886338566,0.08653831556526596,1.0
2023-04-12 00:00:00+00:00,30231.58203125,30462.48046875,29725.57421875,30139.052734375,18651929926,BTC-USD,1d,yfinance,2025-07-14 16:53:22.692224,0,Bull_Market,0.34788821391405683,0.5612496805069311,0.09086210527725351,1.0
2023-04-13 00:00:00+00:00,29892.740234375,30539.845703125,29878.623046875,30399.06640625,17487721001,BTC-USD,1d,yfinance,2025-07-14 16:53:22.692224,0,Bull_Market,0.2982947007188258,0.5732330752019463,0.12847222377754403,1.0
2023-04-14 00:00:00+00:00,30409.5625,31005.607421875,30044.498046875,30485.69921875,22659995079,BTC-USD,1d,yfinance,2025-07-14 16:53:22.692224,0,Bull_Market,0.7686110194559433,0.18845756355803556,0.04293141688602103,1.0
